assists,bonus,bps,clean_sheets,creativity,element,fixture,goals_conceded,goals_scored,ict_index,influence,kickoff_time,minutes,opponent_team,own_goals,penalties_missed,penalties_saved,red_cards,round,saves,selected,team_a_score,team_h_score,threat,total_points,transfers_balance,transfers_in,transfers_out,value,was_home,yellow_cards,id
0,0,0,0,0.0,9,1,0,0,0.0,0.0,2022-08-05T19:00:00Z,0,7,0,0,0,0,1,0,30199,2,0,0.0,0,0,0,0,55,False,0,9
0,0,11,0,22.4,33,2,2,0,4.4,13.2,2022-08-06T14:00:00Z,90,3,0,0,0,0,1,0,342130,0,2,8.0,1,0,0,0,50,False,0,33
0,0,6,0,3.1,331,9,2,0,0.5,1.0,2022-08-07T13:00:00Z,52,5,0,0,0,0,1,0,83919,2,1,1.0,1,0,0,0,55,True,0,331
0,0,0,0,0.0,488,5,0,0,0.0,0.0,2022-08-06T14:00:00Z,0,11,0,0,0,0,1,0,5128,1,2,0.0,0,0,0,0,55,False,0,488
0,0,0,0,0.0,553,7,0,0,0.0,0.0,2022-08-06T14:00:00Z,0,15,0,0,0,0,1,0,3300,0,2,0.0,0,0,0,0,45,False,0,553
0,0,3,0,0.0,18,1,0,0,0.0,0.0,2022-08-05T19:00:00Z,1,7,0,0,0,0,1,0,19266,2,0,0.0,1,0,0,0,45,False,0,18
0,0,0,0,0.0,39,2,0,0,0.0,0.0,2022-08-06T14:00:00Z,0,3,0,0,0,0,1,0,573589,0,2,0.0,0,0,0,0,45,False,0,39
0,0,0,0,0.0,214,4,0,0,0.0,0.0,2022-08-06T11:30:00Z,0,12,0,0,0,0,1,0,7339,2,2,0.0,0,0,0,0,50,True,0,214
0,0,0,0,0.0,27,1,0,0,0.0,0.0,2022-08-05T19:00:00Z,0,7,0,0,0,0,1,0,8331,2,0,0.0,0,0,0,0,50,False,0,27
0,0,0,0,0.0,55,2,0,0,0.0,0.0,2022-08-06T14:00:00Z,0,3,0,0,0,0,1,0,597,0,2,0.0,0,0,0,0,45,False,0,55
0,0,0,0,0.0,184,3,0,0,0.0,0.0,2022-08-06T16:30:00Z,0,6,0,0,0,0,1,0,20161,1,0,0.0,0,0,0,0,45,True,0,184
0,0,0,0,0.0,351,7,0,0,0.0,0.0,2022-08-06T14:00:00Z,0,16,0,0,0,0,1,0,6409,0,2,0.0,0,0,0,0,45,True,0,351
0,0,8,0,15.8,42,2,1,0,2.3,4.8,2022-08-06T14:00:00Z,45,3,0,0,0,0,1,0,42305,0,2,2.0,1,0,0,0,60,False,0,42
0,3,48,1,4.8,318,10,0,2,14.0,62.6,2022-08-07T15:30:00Z,77,19,0,0,0,0,1,0,3398599,2,0,73.0,13,0,0,0,115,False,0,318
0,0,13,0,15.8,244,5,1,0,3.5,15.2,2022-08-06T14:00:00Z,90,20,0,0,0,0,1,0,46085,1,2,4.0,2,0,0,0,50,True,0,244
0,0,4,0,7.8,284,4,2,0,2.9,13.2,2022-08-06T11:30:00Z,90,9,0,0,0,0,1,0,1027195,2,2,8.0,1,0,0,0,70,False,0,284
0,0,0,0,0.0,125,9,0,0,0.0,0.0,2022-08-07T13:00:00Z,0,14,0,0,0,0,1,0,35773,2,1,0.0,0,0,0,0,50,False,0,125
0,0,16,0,18.7,457,10,2,0,4.1,22.0,2022-08-07T15:30:00Z,90,13,0,0,0,0,1,0,266706,2,0,0.0,1,0,0,0,50,True,0,457
0,0,13,1,1.3,57,2,0,0,1.2,6.2,2022-08-06T14:00:00Z,90,2,0,0,0,0,1,0,12696,0,2,4.0,5,0,0,0,45,True,1,57
0,0,5,0,19.8,346,4,2,0,3.2,0.6,2022-08-06T11:30:00Z,88,12,0,0,0,0,1,0,2013818,2,2,12.0,2,0,0,0,45,True,0,346
0,0,2,0,1.1,460,10,1,0,0.8,0.0,2022-08-07T15:30:00Z,56,13,0,0,0,0,1,0,23321,2,0,8.0,1,0,0,0,55,True,0,460
0,0,0,0,0.0,141,3,0,0,0.0,0.0,2022-08-06T16:30:00Z,0,8,0,0,0,0,1,0,55821,1,0,0.0,0,0,0,0,50,False,0,141
0,0,5,0,1.4,195,3,1,0,1.6,2.2,2022-08-06T16:30:00Z,90,6,0,0,0,0,1,0,104719,1,0,12.0,2,0,0,0,55,True,0,195
0,0,0,0,0.0,558,5,0,0,0.0,0.0,2022-08-06T14:00:00Z,0,11,0,0,0,0,1,0,40105,1,2,0.0,0,0,0,0,40,False,0,558
0,0,0,0,0.0,343,9,0,0,0.0,0.0,2022-08-07T13:00:00Z,0,5,0,0,0,0,1,0,215734,2,1,0.0,0,0,0,0,40,True,0,343
0,0,16,0,22.1,186,3,1,0,3.8,13.8,2022-08-06T16:30:00Z,90,6,0,0,0,0,1,0,11182,1,0,2.0,2,0,0,0,55,True,0,186
0,0,0,0,0.0,177,3,0,0,0.0,0.0,2022-08-06T16:30:00Z,0,6,0,0,0,0,1,0,15143,1,0,0.0,0,0,0,0,50,True,0,177
0,0,0,0,2.6,405,8,2,0,0.6,3.4,2022-08-06T14:00:00Z,45,18,0,0,0,0,1,0,9352,1,4,0.0,1,0,0,0,50,False,0,405
0,0,0,0,0.0,546,4,0,0,0.0,0.0,2022-08-06T11:30:00Z,0,12,0,0,0,0,1,0,3082,2,2,0.0,0,0,0,0,45,True,0,546
0,0,0,0,0.0,129,3,0,0,0.0,0.0,2022-08-06T16:30:00Z,0,8,0,0,0,0,1,0,292906,1,0,0.0,0,0,0,0,55,False,0,129
0,0,19,0,0.3,230,5,1,0,3.0,25.4,2022-08-06T14:00:00Z,90,20,0,0,0,0,1,0,9288,1,2,4.0,2,0,0,0,45,True,0,230
0,0,3,0,1.4,158,1,1,0,0.2,0.8,2022-08-05T19:00:00Z,15,1,0,0,0,0,1,0,54854,2,0,0.0,1,0,0,0,45,True,0,158
0,0,0,0,0.0,49,2,0,0,0.0,0.0,2022-08-06T14:00:00Z,0,3,0,0,0,0,1,0,2562,0,2,0.0,0,0,0,0,45,False,0,49
0,0,0,0,0.0,537,2,0,0,0.0,0.0,2022-08-06T14:00:00Z,0,3,0,0,0,0,1,0,8744,0,2,0.0,0,0,0,0,40,False,0,537
0,0,0,0,0.0,310,10,0,0,0.0,0.0,2022-08-07T15:30:00Z,0,19,0,0,0,0,1,0,3618,2,0,0.0,0,0,0,0,40,False,0,310
0,0,0,0,0.0,154,1,0,0,0.0,0.0,2022-08-05T19:00:00Z,0,1,0,0,0,0,1,0,1347,2,0,0.0,0,0,0,0,50,True,0,154
0,0,0,0,0.0,119,9,0,0,0.0,0.0,2022-08-07T13:00:00Z,0,14,0,0,0,0,1,0,7761,2,1,0.0,0,0,0,0,45,False,0,119
0,0,0,0,0.0,222,5,0,0,0.0,0.0,2022-08-06T14:00:00Z,0,20,0,0,0,0,1,0,1794,1,2,0.0,0,0,0,0,45,True,0,222
0,0,1,0,3.4,293,4,2,0,2.5,0.0,2022-08-06T11:30:00Z,77,9,0,0,0,0,1,0,1688654,2,2,24.0,2,0,0,0,80,False,0,293
0,0,0,0,0.0,476,5,0,0,0.0,0.0,2022-08-06T14:00:00Z,0,11,0,0,0,0,1,0,28953,1,2,0.0,0,0,0,0,70,False,0,476
0,0,0,0,0.0,415,8,0,0,0.0,0.0,2022-08-06T14:00:00Z,0,18,0,0,0,0,1,0,2166,1,4,0.0,0,0,0,0,45,False,0,415
0,0,0,0,0.0,378,7,0,0,0.0,0.0,2022-08-06T14:00:00Z,0,15,0,0,0,0,1,0,23813,0,2,0.0,0,0,0,0,45,False,0,378
0,1,23,0,19.0,258,6,2,1,9.9,42.8,2022-08-07T13:00:00Z,90,4,0,0,0,0,1,0,88735,2,2,37.0,8,0,0,0,45,True,0,258
2,1,30,0,23.3,445,8,1,0,7.8,30.6,2022-08-06T14:00:00Z,86,17,0,0,0,0,1,0,53050,1,4,24.0,9,0,0,0,50,True,0,445
0,0,0,0,0.0,207,4,0,0,0.0,0.0,2022-08-06T11:30:00Z,0,12,0,0,0,0,1,0,515436,2,2,0.0,0,0,0,0,40,True,0,207
0,3,44,0,19.3,104,9,1,2,16.7,72.0,2022-08-07T13:00:00Z,90,14,0,0,0,0,1,0,13469,2,1,76.0,15,0,0,0,55,False,0,104
0,0,0,0,0.0,339,9,0,0,0.0,0.0,2022-08-07T13:00:00Z,0,5,0,0,0,0,1,0,140241,2,1,0.0,0,0,0,0,40,True,0,339
0,0,0,0,0.0,406,8,0,0,0.0,0.0,2022-08-06T14:00:00Z,0,18,0,0,0,0,1,0,8321,1,4,0.0,0,0,0,0,55,False,0,406
0,0,2,1,0.6,66,2,0,0,4.8,4.4,2022-08-06T14:00:00Z,90,2,0,0,0,0,1,0,102656,0,2,43.0,2,0,0,0,60,True,0,66
0,0,17,0,4.3,321,8,4,0,2.4,12.0,2022-08-06T14:00:00Z,90,18,0,0,0,0,1,0,18407,1,4,8.0,2,0,0,0,45,False,0,321
1,0,19,0,62.2,261,6,2,0,15.0,28.2,2022-08-07T13:00:00Z,90,4,0,0,0,0,1,0,389016,2,2,60.0,5,0,0,0,80,True,0,261
0,0,0,0,0.0,41,2,0,0,0.0,0.0,2022-08-06T14:00:00Z,0,3,0,0,0,0,1,0,16834,0,2,0.0,0,0,0,0,45,False,0,41
0,0,3,0,0.5,325,10,0,0,0.1,0.6,2022-08-07T15:30:00Z,1,19,0,0,0,0,1,0,45423,2,0,0.0,1,0,0,0,50,False,0,325
0,0,-1,0,13.0,335,9,2,0,5.0,1.8,2022-08-07T13:00:00Z,90,5,0,0,0,0,1,0,964460,2,1,35.0,2,0,0,0,65,True,0,335
0,0,0,0,0.0,462,10,0,0,0.0,0.0,2022-08-07T15:30:00Z,0,13,0,0,0,0,1,0,2958,2,0,0.0,0,0,0,0,45,True,0,462
0,0,9,0,0.2,385,7,2,0,2.9,26.8,2022-08-06T14:00:00Z,90,15,0,0,0,0,1,0,10896,0,2,2.0,1,0,0,0,45,False,0,385
0,0,0,0,0.0,570,9,0,0,0.0,0.0,2022-08-07T13:00:00Z,0,5,0,0,0,0,1,0,0,2,1,0.0,0,0,0,0,45,True,0,570
0,0,2,0,0.0,123,9,0,0,0.0,0.0,2022-08-07T13:00:00Z,1,14,0,0,0,0,1,0,71544,2,1,0.0,1,0,0,0,55,False,0,123
0,0,0,0,12.5,30,2,1,0,4.7,1.0,2022-08-06T14:00:00Z,65,3,0,0,0,0,1,0,180366,0,2,33.0,1,0,0,0,70,False,1,30
0,0,0,0,0.0,174,1,0,0,0.0,0.0,2022-08-05T19:00:00Z,0,1,0,0,0,0,1,0,24639,2,0,0.0,0,0,0,0,40,True,0,174
0,0,0,0,0.0,132,3,0,0,0.0,0.0,2022-08-06T16:30:00Z,0,8,0,0,0,0,1,0,68622,1,0,0.0,0,0,0,0,50,False,0,132
0,0,12,0,3.1,477,5,2,0,1.6,11.6,2022-08-06T14:00:00Z,90,11,0,0,0,0,1,0,55858,1,2,1.0,1,0,0,0,45,False,0,477
0,0,16,0,4.0,37,2,2,0,3.1,9.6,2022-08-06T14:00:00Z,90,3,0,0,0,0,1,0,159781,0,2,17.0,2,0,0,0,55,False,0,37
0,0,0,0,0.0,323,10,0,0,0.0,0.0,2022-08-07T15:30:00Z,0,19,0,0,0,0,1,0,55406,2,0,0.0,0,0,0,0,45,False,0,323
0,0,0,0,0.0,435,8,0,0,0.0,0.0,2022-08-06T14:00:00Z,0,17,0,0,0,0,1,0,66668,1,4,0.0,0,0,0,0,45,True,0,435
0,0,0,0,0.0,60,2,0,0,0.0,0.0,2022-08-06T14:00:00Z,0,2,0,0,0,0,1,0,4165,0,2,0.0,0,0,0,0,55,True,0,60
0,0,0,0,0.0,309,10,0,0,0.0,0.0,2022-08-07T15:30:00Z,0,19,0,0,0,0,1,0,62453,2,0,0.0,0,0,0,0,60,False,0,309
0,0,3,0,0.3,150,3,0,0,2.5,5.2,2022-08-06T16:30:00Z,15,8,0,0,0,0,1,0,124903,1,0,19.0,1,0,0,0,55,False,0,150
0,0,0,0,0.0,97,6,0,0,0.0,0.0,2022-08-07T13:00:00Z,0,10,0,0,0,0,1,0,18037,2,2,0.0,0,0,0,0,45,False,0,97
0,0,0,0,0.0,124,9,0,0,0.0,0.0,2022-08-07T13:00:00Z,0,14,0,0,0,0,1,0,3959,2,1,0.0,0,0,0,0,50,False,0,124
0,0,5,1,5.0,142,3,0,0,3.7,8.6,2022-08-06T16:30:00Z,64,8,0,0,0,0,1,0,808300,1,0,23.0,3,0,0,0,80,False,0,142
0,0,18,0,40.8,101,9,1,0,6.2,16.8,2022-08-07T13:00:00Z,75,14,0,0,0,0,1,0,10196,2,1,4.0,2,0,0,0,50,False,0,101
0,0,7,0,0.8,524,7,1,0,2.1,12.4,2022-08-06T14:00:00Z,74,15,0,0,0,0,1,0,4256,0,2,8.0,1,0,0,0,50,False,1,524
0,0,16,0,1.3,44,2,2,0,2.2,20.8,2022-08-06T14:00:00Z,90,3,0,0,0,0,1,0,22328,0,2,0.0,1,0,0,0,45,False,0,44
0,0,25,1,0.0,15,1,0,0,1.9,19.0,2022-08-05T19:00:00Z,90,7,0,0,0,0,1,2,1128297,2,0,0.0,6,0,0,0,50,False,0,15
0,2,31,1,50.9,146,3,0,0,8.6,16.4,2022-08-06T16:30:00Z,90,8,0,0,0,0,1,0,3202426,1,0,19.0,7,0,0,0,60,False,1,146
0,2,33,0,56.1,407,8,4,1,12.9,49.2,2022-08-06T14:00:00Z,90,18,0,0,0,0,1,0,717828,1,4,24.0,9,0,0,0,65,False,0,407
0,0,11,0,25.8,469,10,2,0,3.6,8.2,2022-08-07T15:30:00Z,90,13,0,0,0,0,1,0,127504,2,0,2.0,2,0,0,0,55,True,0,469
0,0,0,0,0.0,183,3,0,0,0.0,0.0,2022-08-06T16:30:00Z,0,6,0,0,0,0,1,0,11086,1,0,0.0,0,0,0,0,50,True,0,183
0,0,0,0,0.0,262,6,0,0,0.0,0.0,2022-08-07T13:00:00Z,0,4,0,0,0,0,1,0,80900,2,2,0.0,0,0,0,0,65,True,0,262
0,0,3,0,0.1,559,9,0,0,0.0,0.2,2022-08-07T13:00:00Z,1,14,0,0,0,0,1,0,2027,2,1,0.0,1,0,0,0,45,False,0,559
0,0,5,0,5.2,512,8,4,0,3.8,9.4,2022-08-06T14:00:00Z,90,18,0,0,0,0,1,0,50924,1,4,23.0,2,0,0,0,55,False,0,512
0,0,0,0,0.0,447,8,0,0,0.0,0.0,2022-08-06T14:00:00Z,0,17,0,0,0,0,1,0,10723,1,4,0.0,0,0,0,0,45,True,0,447
0,0,24,1,3.1,520,3,0,0,3.9,18.4,2022-08-06T16:30:00Z,74,8,0,0,0,0,1,0,696788,1,0,17.0,6,0,0,0,55,False,0,520
0,0,0,0,0.0,232,5,0,0,0.0,0.0,2022-08-06T14:00:00Z,0,20,0,0,0,0,1,0,21902,1,2,0.0,0,0,0,0,70,True,0,232
0,0,11,0,22.3,47,2,1,0,4.0,10.0,2022-08-06T14:00:00Z,45,3,0,0,0,0,1,0,172950,0,2,8.0,0,0,0,0,55,False,1,47
0,0,0,0,0.0,489,5,0,0,0.0,0.0,2022-08-06T14:00:00Z,0,11,0,0,0,0,1,0,66256,1,2,0.0,0,0,0,0,40,False,0,489
1,0,15,0,2.8,107,9,1,0,3.2,10.2,2022-08-07T13:00:00Z,90,14,0,0,0,0,1,0,7192,2,1,19.0,5,0,0,0,50,False,0,107
0,0,0,0,0.0,36,2,0,0,0.0,0.0,2022-08-06T14:00:00Z,0,3,0,0,0,0,1,0,24272,0,2,0.0,0,0,0,0,45,False,0,36
0,0,0,0,0.0,383,7,0,0,0.0,0.0,2022-08-06T14:00:00Z,0,15,0,0,0,0,1,0,42723,0,2,0.0,0,0,0,0,45,False,0,383
0,0,0,0,0.0,554,8,0,0,0.0,0.0,2022-08-06T14:00:00Z,0,17,0,0,0,0,1,0,1410,1,4,0.0,0,0,0,0,50,True,0,554
0,0,12,1,15.0,3,1,0,0,3.4,16.6,2022-08-05T19:00:00Z,90,7,0,0,0,0,1,0,48303,2,0,2.0,2,0,0,0,50,False,1,3
0,0,17,1,46.5,374,7,0,0,7.1,21.2,2022-08-06T14:00:00Z,90,16,0,0,0,0,1,0,865697,0,2,3.0,3,0,0,0,60,True,0,374
0,0,0,0,0.0,454,8,0,0,0.0,0.0,2022-08-06T14:00:00Z,0,17,0,0,0,0,1,0,20890,1,4,0.0,0,0,0,0,85,True,0,454
0,0,24,1,0.0,72,2,0,0,1.5,14.6,2022-08-06T14:00:00Z,90,2,0,0,0,0,1,2,24837,0,2,0.0,6,0,0,0,45,True,0,72
0,0,0,0,0.0,438,8,0,0,0.0,0.0,2022-08-06T14:00:00Z,0,17,0,0,0,0,1,0,204971,1,4,0.0,0,0,0,0,45,True,0,438
0,0,6,0,17.5,205,4,2,0,4.0,13.0,2022-08-06T11:30:00Z,90,12,0,0,0,0,1,0,5104,2,2,9.0,1,0,0,0,55,True,1,205
0,0,0,0,0.0,12,1,0,0,0.0,0.0,2022-08-05T19:00:00Z,0,7,0,0,0,0,1,0,141711,2,0,0.0,0,0,0,0,60,False,0,12
0,0,14,0,29.8,275,4,2,0,5.1,8.2,2022-08-06T11:30:00Z,90,9,0,0,0,0,1,0,94154,2,2,13.0,2,0,0,0,55,False,0,275
1,3,40,1,14.1,73,2,0,0,6.6,49.6,2022-08-06T14:00:00Z,90,2,0,0,0,0,1,0,8029,0,2,2.0,12,0,0,0,45,True,0,73
0,0,0,0,0.0,180,3,0,0,0.0,0.0,2022-08-06T16:30:00Z,0,6,0,0,0,0,1,0,67755,1,0,0.0,0,0,0,0,45,True,0,180
0,0,0,0,0.0,253,6,0,0,0.0,0.0,2022-08-07T13:00:00Z,0,4,0,0,0,0,1,0,799742,2,2,0.0,0,0,0,0,40,True,0,253
0,0,0,0,0.0,162,1,0,0,0.0,0.0,2022-08-05T19:00:00Z,0,1,0,0,0,0,1,0,11149,2,0,0.0,0,0,0,0,45,True,0,162
0,0,0,0,0.0,98,6,0,0,0.0,0.0,2022-08-07T13:00:00Z,0,10,0,0,0,0,1,0,4791,2,2,0.0,0,0,0,0,40,False,0,98
0,0,10,1,1.0,70,2,0,0,2.7,22.2,2022-08-06T14:00:00Z,90,2,0,0,0,0,1,0,13415,0,2,4.0,2,0,0,0,55,True,1,70
0,0,0,0,0.0,278,4,0,0,0.0,0.0,2022-08-06T11:30:00Z,0,9,0,0,0,0,1,0,1145,2,2,0.0,0,0,0,0,50,False,0,278
0,1,29,1,0.1,71,2,0,0,3.7,37.0,2022-08-06T14:00:00Z,90,2,0,0,0,0,1,0,4990,0,2,0.0,7,0,0,0,45,True,0,71
0,0,0,0,0.0,2,4,0,0,0.0,0.0,2022-08-06T11:30:00Z,0,12,0,0,0,0,1,0,116351,2,2,0.0,0,0,0,0,45,True,0,2
0,0,0,0,0.0,459,10,0,0,0.0,0.0,2022-08-07T15:30:00Z,0,13,0,0,0,0,1,0,36776,2,0,0.0,0,0,0,0,50,True,0,459
0,0,0,0,0.0,349,7,0,0,0.0,0.0,2022-08-06T14:00:00Z,0,16,0,0,0,0,1,0,4725,0,2,0.0,0,0,0,0,50,True,0,349
0,0,5,0,0.7,465,10,2,0,2.9,6.6,2022-08-07T15:30:00Z,90,13,0,0,0,0,1,0,547187,2,0,22.0,2,0,0,0,85,True,0,465
0,0,0,0,0.0,202,4,0,0,0.0,0.0,2022-08-06T11:30:00Z,0,12,0,0,0,0,1,0,4354,2,2,0.0,0,0,0,0,50,True,0,202
1,0,16,0,12.2,418,8,4,0,4.7,22.6,2022-08-06T14:00:00Z,71,18,0,0,0,0,1,0,2795,1,4,12.0,5,0,0,0,50,False,0,418
0,0,0,0,0.0,236,5,0,0,0.0,0.0,2022-08-06T14:00:00Z,0,20,0,0,0,0,1,0,40835,1,2,0.0,0,0,0,0,40,True,0,236
1,2,34,0,20.0,283,4,2,1,8.5,39.6,2022-08-06T11:30:00Z,90,9,0,0,0,0,1,0,4848340,2,2,25.0,12,0,0,0,130,False,0,283
0,0,3,0,13.1,294,4,1,0,2.1,4.0,2022-08-06T11:30:00Z,39,9,0,0,0,0,1,0,11317,2,2,4.0,1,0,0,0,50,False,0,294
0,0,11,0,0.0,213,4,2,0,1.0,10.2,2022-08-06T11:30:00Z,90,12,0,0,0,0,1,1,12206,2,2,0.0,1,0,0,0,45,True,0,213
0,0,0,0,0.0,82,6,0,0,0.0,0.0,2022-08-07T13:00:00Z,0,10,0,0,0,0,1,0,1296,2,2,0.0,0,0,0,0,50,False,0,82
0,0,6,1,14.4,373,7,0,0,8.1,14.0,2022-08-06T14:00:00Z,79,16,0,0,0,0,1,0,45439,0,2,53.0,3,0,0,0,50,True,0,373
0,0,3,0,0.5,148,3,0,0,0.3,2.2,2022-08-06T16:30:00Z,1,8,0,0,0,0,1,0,153243,1,0,0.0,1,0,0,0,60,False,0,148
0,0,5,0,0.0,455,10,0,0,0.1,1.2,2022-08-07T15:30:00Z,28,13,0,0,0,0,1,0,101841,2,0,0.0,1,0,0,0,50,True,0,455
0,0,0,0,0.0,84,6,0,0,0.0,0.0,2022-08-07T13:00:00Z,0,10,0,0,0,0,1,0,2520,2,2,0.0,0,0,0,0,45,False,0,84
0,0,0,0,0.0,345,9,0,0,0.0,0.0,2022-08-07T13:00:00Z,0,5,0,0,0,0,1,0,186351,2,1,0.0,0,0,0,0,70,True,0,345
0,0,0,0,0.0,347,9,0,0,0.0,0.0,2022-08-07T13:00:00Z,0,5,0,0,0,0,1,0,5452,2,1,0.0,0,0,0,0,45,True,0,347
0,0,0,0,0.0,172,1,0,0,0.0,0.0,2022-08-05T19:00:00Z,0,1,0,0,0,0,1,0,4045,2,0,0.0,0,0,0,0,45,True,0,172
0,2,27,1,18.9,306,10,0,0,3.9,15.4,2022-08-07T15:30:00Z,90,19,0,0,0,0,1,0,3569038,2,0,5.0,7,0,0,0,70,False,1,306
0,0,3,0,0.9,394,7,2,0,0.6,0.0,2022-08-06T14:00:00Z,90,15,0,0,0,0,1,0,171887,0,2,6.0,2,0,0,0,60,False,0,394
0,0,2,0,0.3,242,5,0,0,0.1,0.2,2022-08-06T14:00:00Z,6,20,0,0,0,0,1,0,57638,1,2,0.0,1,0,0,0,55,True,0,242
0,0,15,0,0.0,152,1,2,0,1.4,13.8,2022-08-05T19:00:00Z,90,1,0,0,0,0,1,1,120146,2,0,0.0,1,0,0,0,45,True,0,152
0,0,16,0,26.9,433,8,1,0,4.7,19.8,2022-08-06T14:00:00Z,90,17,0,0,0,0,1,0,74064,1,4,0.0,2,0,0,0,55,True,0,433
0,0,0,0,0.0,178,3,0,0,0.0,0.0,2022-08-06T16:30:00Z,0,6,0,0,0,0,1,0,3565,1,0,0.0,0,0,0,0,45,True,0,178
0,0,0,0,0.0,320,10,0,0,0.0,0.0,2022-08-07T15:30:00Z,0,19,0,0,0,0,1,0,9893,2,0,0.0,0,0,0,0,40,False,0,320
0,0,0,0,0.0,499,4,0,0,0.0,0.0,2022-08-06T11:30:00Z,0,9,0,0,0,0,1,0,1014,2,2,0.0,0,0,0,0,40,False,0,499
0,0,0,0,0.0,567,5,0,0,0.0,0.0,2022-08-06T14:00:00Z,0,11,0,0,0,0,1,0,0,1,2,0.0,0,0,0,0,45,False,0,567
0,2,30,1,0.2,64,2,0,1,5.9,42.0,2022-08-06T14:00:00Z,90,2,0,0,0,0,1,0,3496,0,2,17.0,10,0,0,0,50,True,0,64
0,0,0,0,0.0,353,7,0,0,0.0,0.0,2022-08-06T14:00:00Z,0,16,0,0,0,0,1,0,236781,0,2,0.0,0,0,0,0,40,True,0,353
0,0,0,0,0.0,324,10,0,0,0.0,0.0,2022-08-07T15:30:00Z,0,19,0,0,0,0,1,0,40863,2,0,0.0,0,0,0,0,40,False,0,324
0,0,0,0,0.0,59,2,0,0,0.0,0.0,2022-08-06T14:00:00Z,0,2,0,0,0,0,1,0,3897,0,2,0.0,0,0,0,0,45,True,0,59
0,0,0,0,0.0,221,5,0,0,0.0,0.0,2022-08-06T14:00:00Z,0,20,0,0,0,0,1,0,6072,1,2,0.0,0,0,0,0,45,True,0,221
0,0,12,0,0.9,201,4,2,0,2.1,18.0,2022-08-06T11:30:00Z,90,12,0,0,0,0,1,0,7111,2,2,2.0,1,0,0,0,45,True,0,201
0,0,0,0,0.0,500,4,0,0,0.0,0.0,2022-08-06T11:30:00Z,0,9,0,0,0,0,1,0,19524,2,2,0.0,0,0,0,0,40,False,0,500
0,0,0,0,0.0,355,7,0,0,0.0,0.0,2022-08-06T14:00:00Z,0,16,0,0,0,0,1,0,97650,0,2,0.0,0,0,0,0,45,True,0,355
0,0,0,0,0.0,51,2,0,0,0.0,0.0,2022-08-06T14:00:00Z,0,3,0,0,0,0,1,0,10833,0,2,0.0,0,0,0,0,50,False,0,51
0,0,11,0,0.0,327,9,2,0,2.1,20.8,2022-08-07T13:00:00Z,90,5,0,0,0,0,1,2,602310,2,1,0.0,1,0,0,0,50,True,0,327
0,0,0,0,0.0,5,1,0,0,0.0,0.0,2022-08-05T19:00:00Z,0,7,0,0,0,0,1,0,14331,2,0,0.0,0,0,0,0,45,False,0,5
0,0,16,0,1.6,533,9,2,0,6.6,27.2,2022-08-07T13:00:00Z,90,5,0,0,0,0,1,0,248752,2,1,37.0,0,0,0,0,45,True,1,533
0,0,0,0,0.0,155,1,0,0,0.0,0.0,2022-08-05T19:00:00Z,0,1,0,0,0,0,1,0,84444,2,0,0.0,0,0,0,0,55,True,0,155
0,0,0,0,0.0,251,6,0,0,0.0,0.0,2022-08-07T13:00:00Z,0,4,0,0,0,0,1,0,9469,2,2,0.0,0,0,0,0,50,True,0,251
0,0,0,0,0.0,61,2,0,0,0.0,0.0,2022-08-06T14:00:00Z,0,2,0,0,0,0,1,0,4561,0,2,0.0,0,0,0,0,55,True,0,61
0,0,0,0,0.0,530,1,0,0,0.0,0.0,2022-08-05T19:00:00Z,0,1,0,0,0,0,1,0,5048,2,0,0.0,0,0,0,0,45,True,0,530
0,0,0,0,0.0,241,5,0,0,0.0,0.0,2022-08-06T14:00:00Z,0,20,0,0,0,0,1,0,1955,1,2,0.0,0,0,0,0,45,True,0,241
0,0,2,0,0.3,163,1,0,0,0.4,0.0,2022-08-05T19:00:00Z,4,1,0,0,0,0,1,0,2729,2,0,4.0,1,0,0,0,50,True,0,163
0,0,-1,0,2.3,46,2,0,0,1.0,0.0,2022-08-06T14:00:00Z,8,3,0,0,0,0,1,0,60038,0,2,8.0,0,0,0,0,50,False,1,46
0,0,0,0,0.0,329,9,0,0,0.0,0.0,2022-08-07T13:00:00Z,0,5,0,0,0,0,1,0,160718,2,1,0.0,0,0,0,0,50,True,0,329
0,0,13,0,15.8,95,6,2,0,5.1,11.8,2022-08-07T13:00:00Z,90,10,0,0,0,0,1,0,219038,2,2,23.0,2,0,0,0,60,False,0,95
0,0,3,0,0.2,8,1,0,0,0.6,6.0,2022-08-05T19:00:00Z,7,7,0,0,0,0,1,0,105345,2,0,0.0,1,0,0,0,50,False,0,8
0,0,3,0,0.0,200,4,0,0,0.2,2.0,2022-08-06T11:30:00Z,1,12,0,0,0,0,1,0,6634,2,2,0.0,1,0,0,0,50,True,0,200
0,0,0,0,0.0,424,8,0,0,0.0,0.0,2022-08-06T14:00:00Z,0,18,0,0,0,0,1,0,104292,1,4,0.0,0,0,0,0,40,False,0,424
0,0,9,0,0.4,388,7,2,0,1.6,16.0,2022-08-06T14:00:00Z,90,15,0,0,0,0,1,0,10564,0,2,0.0,0,0,0,0,45,False,1,388
1,0,27,0,15.0,215,4,2,0,5.4,39.0,2022-08-06T11:30:00Z,90,12,0,0,0,0,1,0,6670,2,2,0.0,3,0,0,0,45,True,1,215
0,0,0,0,0.0,287,4,0,0,0.0,0.0,2022-08-06T11:30:00Z,0,9,0,0,0,0,1,0,8632,2,2,0.0,0,0,0,0,50,False,0,287
0,0,0,0,0.0,551,9,0,0,0.0,0.0,2022-08-07T13:00:00Z,0,5,0,0,0,0,1,0,14621,2,1,0.0,0,0,0,0,45,True,0,551
0,0,10,0,1.3,235,5,1,0,2.6,20.2,2022-08-06T14:00:00Z,90,20,0,0,0,0,1,0,7963,1,2,4.0,2,0,0,0,45,True,0,235
0,1,26,1,0.6,308,10,0,0,3.1,26.2,2022-08-07T15:30:00Z,90,19,0,0,0,0,1,0,56953,2,0,4.0,7,0,0,0,50,False,0,308
0,0,0,0,0.0,164,1,0,0,0.0,0.0,2022-08-05T19:00:00Z,0,1,0,0,0,0,1,0,5160,2,0,0.0,0,0,0,0,45,True,0,164
0,0,0,0,0.0,573,10,0,0,0.0,0.0,2022-08-07T15:30:00Z,0,19,0,0,0,0,1,0,0,2,0,0.0,0,0,0,0,40,False,0,573
1,1,31,0,20.6,297,4,1,1,18.6,53.2,2022-08-06T11:30:00Z,39,9,0,0,0,0,1,0,1572141,2,2,112.0,9,0,0,0,90,False,0,297
0,0,0,0,0.0,243,5,0,0,0.0,0.0,2022-08-06T14:00:00Z,0,20,0,0,0,0,1,0,16752,1,2,0.0,0,0,0,0,40,True,0,243
0,0,3,1,1.3,68,2,0,0,0.6,4.2,2022-08-06T14:00:00Z,71,2,0,0,0,0,1,0,14038,0,2,0.0,2,0,0,0,45,True,1,68
0,0,18,1,31.3,134,3,0,0,6.8,27.4,2022-08-06T16:30:00Z,90,8,0,0,0,0,1,0,281900,1,0,9.0,3,0,0,0,50,False,0,134
0,0,0,0,0.0,496,1,0,0,0.0,0.0,2022-08-05T19:00:00Z,0,1,0,0,0,0,1,0,124669,2,0,0.0,0,0,0,0,45,True,0,496
0,0,0,0,0.0,497,4,0,0,0.0,0.0,2022-08-06T11:30:00Z,0,9,0,0,0,0,1,0,62020,2,2,0.0,0,0,0,0,40,False,0,497
1,3,45,0,40.3,446,8,1,1,15.3,65.8,2022-08-06T14:00:00Z,85,17,0,0,0,0,1,0,470486,1,4,47.0,13,0,0,0,80,True,0,446
0,0,13,0,20.9,285,4,2,0,3.5,12.2,2022-08-06T11:30:00Z,90,9,0,0,0,0,1,0,4694983,2,2,2.0,1,0,0,0,75,False,0,285
0,0,0,0,0.0,292,4,0,0,0.0,0.0,2022-08-06T11:30:00Z,0,9,0,0,0,0,1,0,10567,2,2,0.0,0,0,0,0,45,False,0,292
0,0,0,0,0.8,408,8,2,0,0.0,0.0,2022-08-06T14:00:00Z,45,18,0,0,0,0,1,0,58462,1,4,1.0,1,0,0,0,55,False,0,408
0,0,0,0,0.0,437,8,0,0,0.0,0.0,2022-08-06T14:00:00Z,0,17,0,0,0,0,1,0,365,1,4,0.0,0,0,0,0,55,True,0,437
0,0,0,0,0.0,505,2,0,0,0.0,0.0,2022-08-06T14:00:00Z,0,2,0,0,0,0,1,0,778,0,2,0.0,0,0,0,0,50,True,0,505
0,0,3,0,0.2,515,6,0,0,0.7,5.2,2022-08-07T13:00:00Z,31,10,0,0,0,0,1,0,9624,2,2,2.0,1,0,0,0,55,False,0,515
0,0,17,0,0.5,78,6,2,0,1.9,18.2,2022-08-07T13:00:00Z,90,10,0,0,0,0,1,0,186616,2,2,0.0,1,0,0,0,45,False,0,78
0,0,3,0,0.0,429,8,0,0,0.5,5.0,2022-08-06T14:00:00Z,3,17,0,0,0,0,1,0,72985,1,4,0.0,1,0,0,0,50,True,0,429
0,0,20,0,12.2,165,1,2,0,5.6,37.4,2022-08-05T19:00:00Z,90,1,0,0,0,0,1,0,218564,2,0,6.0,1,0,0,0,45,True,0,165
1,0,23,0,52.5,428,8,1,0,14.5,36.2,2022-08-06T14:00:00Z,90,17,0,0,0,0,1,0,1929156,1,4,56.0,5,0,0,0,120,True,0,428
0,0,0,0,0.0,56,2,0,0,0.0,0.0,2022-08-06T14:00:00Z,0,3,0,0,0,0,1,0,60738,0,2,0.0,0,0,0,0,40,False,0,56
0,0,0,0,0.0,208,4,0,0,0.0,0.0,2022-08-06T11:30:00Z,0,12,0,0,0,0,1,0,49491,2,2,0.0,0,0,0,0,40,True,0,208
1,0,28,1,46.1,371,7,0,0,11.1,39.0,2022-08-06T14:00:00Z,90,16,0,0,0,0,1,0,42379,0,2,26.0,6,0,0,0,60,True,0,371
0,0,5,0,1.5,89,6,2,0,0.6,0.0,2022-08-07T13:00:00Z,83,10,0,0,0,0,1,0,16404,2,2,5.0,2,0,0,0,55,False,0,89
0,0,0,0,0.0,90,6,0,0,0.0,0.0,2022-08-07T13:00:00Z,0,10,0,0,0,0,1,0,3702,2,2,0.0,0,0,0,0,45,False,0,90
0,0,11,0,2.7,443,8,1,0,2.4,8.0,2022-08-06T14:00:00Z,90,17,0,0,0,0,1,0,200747,1,4,13.0,2,0,0,0,50,True,0,443
0,0,0,0,0.0,156,1,0,0,0.0,0.0,2022-08-05T19:00:00Z,0,1,0,0,0,0,1,0,17168,2,0,0.0,0,0,0,0,45,True,0,156
0,0,20,0,0.0,182,3,1,0,3.5,35.0,2022-08-06T16:30:00Z,90,6,0,0,0,0,1,5,423510,1,0,0.0,3,0,0,0,45,True,0,182
0,0,12,0,13.7,199,3,1,0,7.8,30.4,2022-08-06T16:30:00Z,90,6,0,0,0,0,1,0,64435,1,0,34.0,2,0,0,0,45,True,0,199
0,0,0,0,0.0,4,1,0,0,0.0,0.0,2022-08-05T19:00:00Z,0,7,0,0,0,0,1,0,86132,2,0,0.0,0,0,0,0,45,False,0,4
0,0,0,0,0.0,522,8,0,0,0.0,0.0,2022-08-06T14:00:00Z,0,17,0,0,0,0,1,0,56013,1,4,0.0,0,0,0,0,45,True,0,522
0,0,20,0,0.0,422,8,4,0,3.4,33.6,2022-08-06T14:00:00Z,90,18,0,0,0,0,1,5,57701,1,4,0.0,1,0,0,0,45,False,0,422
0,0,28,1,0.0,147,3,0,0,2.8,27.8,2022-08-06T16:30:00Z,90,8,0,0,0,0,1,3,1595369,1,0,0.0,7,0,0,0,50,False,0,147
0,0,0,0,0.0,382,7,0,0,0.0,0.0,2022-08-06T14:00:00Z,0,15,0,0,0,0,1,0,345,0,2,0.0,0,0,0,0,45,False,0,382
0,0,7,1,3.2,28,1,0,0,4.9,7.4,2022-08-05T19:00:00Z,82,7,0,0,0,0,1,0,6018571,2,0,38.0,2,0,0,0,80,False,0,28
0,0,18,0,21.0,410,8,4,0,4.0,14.6,2022-08-06T14:00:00Z,90,18,0,0,0,0,1,0,42818,1,4,4.0,0,0,0,0,45,False,0,410
0,0,-5,0,1.5,166,1,1,0,6.0,3.0,2022-08-05T19:00:00Z,57,1,0,0,0,0,1,0,273605,2,0,55.0,1,0,0,0,55,True,0,166
1,2,25,0,78.8,233,5,1,0,12.4,34.8,2022-08-06T14:00:00Z,90,20,0,0,0,0,1,0,79451,1,2,10.0,6,0,0,0,60,True,1,233
0,0,0,0,0.0,137,3,0,0,0.0,0.0,2022-08-06T16:30:00Z,0,8,0,0,0,0,1,0,59796,1,0,0.0,0,0,0,0,80,False,0,137
0,0,15,0,11.0,43,2,2,0,3.4,13.2,2022-08-06T14:00:00Z,90,3,0,0,0,0,1,0,1603398,0,2,10.0,1,0,0,0,50,False,0,43
0,0,5,0,37.3,159,1,2,0,7.4,16.4,2022-08-05T19:00:00Z,90,1,0,0,0,0,1,0,22658,2,0,20.0,2,0,0,0,55,True,0,159
0,0,0,0,0.0,491,5,0,0,0.0,0.0,2022-08-06T14:00:00Z,0,11,0,0,0,0,1,0,14479,1,2,0.0,0,0,0,0,55,False,0,491
0,0,0,0,0.0,153,1,0,0,0.0,0.0,2022-08-05T19:00:00Z,0,1,0,0,0,0,1,0,99097,2,0,0.0,0,0,0,0,40,True,0,153
0,1,19,0,0.0,113,9,1,0,4.0,40.0,2022-08-07T13:00:00Z,90,14,0,0,0,0,1,5,892941,2,1,0.0,4,0,0,0,45,False,0,113
0,0,0,0,0.0,470,10,0,0,0.0,0.0,2022-08-07T15:30:00Z,0,13,0,0,0,0,1,0,12698,2,0,0.0,0,0,0,0,45,True,0,470
0,0,0,0,0.0,34,2,0,0,0.0,0.0,2022-08-06T14:00:00Z,0,3,0,0,0,0,1,0,16145,0,2,0.0,0,0,0,0,50,False,0,34
0,0,0,0,0.0,100,6,0,0,0.0,0.0,2022-08-07T13:00:00Z,0,10,0,0,0,0,1,0,15896,2,2,0.0,0,0,0,0,40,False,0,100
0,2,30,1,0.1,26,1,0,0,2.2,22.2,2022-08-05T19:00:00Z,90,7,0,0,0,0,1,0,163701,2,0,0.0,8,0,0,0,45,False,0,26
0,0,0,0,0.0,549,6,0,0,0.0,0.0,2022-08-07T13:00:00Z,0,4,0,0,0,0,1,0,1242,2,2,0.0,0,0,0,0,50,True,0,549
0,0,0,0,0.0,151,3,0,0,0.0,0.0,2022-08-06T16:30:00Z,0,8,0,0,0,0,1,0,6968,1,0,0.0,0,0,0,0,45,False,0,151
0,0,2,0,0.1,344,9,0,0,0.0,0.2,2022-08-07T13:00:00Z,1,5,0,0,0,0,1,0,77705,2,1,0.0,1,0,0,0,50,True,0,344
0,0,12,0,0.8,280,4,2,0,1.9,16.4,2022-08-06T11:30:00Z,90,9,0,0,0,0,1,0,1133441,2,2,2.0,1,0,0,0,65,False,0,280
0,0,0,0,0.0,379,7,0,0,0.0,0.0,2022-08-06T14:00:00Z,0,15,0,0,0,0,1,0,14958,0,2,0.0,0,0,0,0,45,False,0,379
0,0,0,0,0.0,360,7,0,0,0.0,0.0,2022-08-06T14:00:00Z,0,16,0,0,0,0,1,0,13892,0,2,0.0,0,0,0,0,45,True,0,360
0,0,10,0,0.0,425,8,1,0,1.1,10.8,2022-08-06T14:00:00Z,90,17,0,0,0,0,1,1,379701,1,4,0.0,2,0,0,0,55,True,0,425
0,0,0,0,0.0,538,2,0,0,0.0,0.0,2022-08-06T14:00:00Z,0,3,0,0,0,0,1,0,8673,0,2,0.0,0,0,0,0,45,False,0,538
0,0,0,0,0.0,401,8,0,0,0.0,0.0,2022-08-06T14:00:00Z,0,18,0,0,0,0,1,0,25036,1,4,0.0,0,0,0,0,45,False,0,401
0,0,0,0,0.0,490,5,0,0,0.0,0.0,2022-08-06T14:00:00Z,0,11,0,0,0,0,1,0,309,1,2,0.0,0,0,0,0,50,False,0,490
0,0,0,0,0.0,341,9,0,0,0.0,0.0,2022-08-07T13:00:00Z,0,5,0,0,0,0,1,0,32219,2,1,0.0,0,0,0,0,45,True,0,341
0,0,1,0,1.6,116,9,1,0,1.1,0.0,2022-08-07T13:00:00Z,90,14,1,0,0,0,1,0,14464,2,1,9.0,0,0,0,0,55,False,0,116
0,0,0,0,0.0,503,5,0,0,0.0,0.0,2022-08-06T14:00:00Z,0,11,0,0,0,0,1,0,168063,1,2,0.0,0,0,0,0,50,False,0,503
0,0,3,0,0.0,569,9,0,0,0.0,0.0,2022-08-07T13:00:00Z,1,5,0,0,0,0,1,0,0,2,1,0.0,1,0,0,0,45,True,0,569
0,0,19,0,3.0,436,8,1,1,9.4,38.4,2022-08-06T14:00:00Z,65,17,0,0,0,0,1,0,40034,1,4,53.0,7,0,0,0,45,True,1,436
0,0,0,0,0.0,224,5,0,0,0.0,0.0,2022-08-06T14:00:00Z,0,20,0,0,0,0,1,0,5783,1,2,0.0,0,0,0,0,45,True,0,224
0,0,4,0,10.3,11,1,0,0,1.3,2.2,2022-08-05T19:00:00Z,7,7,0,0,0,0,1,0,67198,2,0,0.0,1,0,0,0,70,False,0,11
0,0,3,0,11.8,40,2,1,0,1.6,2.0,2022-08-06T14:00:00Z,24,3,0,0,0,0,1,0,324554,0,2,2.0,1,0,0,0,75,False,0,40
0,0,10,0,0.8,468,10,2,0,0.8,7.6,2022-08-07T15:30:00Z,90,13,0,0,0,0,1,0,152608,2,0,0.0,2,0,0,0,55,True,0,468
0,0,0,0,0.0,396,7,0,0,0.0,0.0,2022-08-06T14:00:00Z,0,15,0,0,0,0,1,0,10542,0,2,0.0,0,0,0,0,45,False,0,396
0,0,7,0,0.4,140,3,0,0,0.6,2.0,2022-08-06T16:30:00Z,25,8,0,0,0,0,1,0,58532,1,0,4.0,1,0,0,0,60,False,0,140
0,0,0,0,0.0,110,9,0,0,0.0,0.0,2022-08-07T13:00:00Z,0,14,0,0,0,0,1,0,82551,2,1,0.0,0,0,0,0,65,False,0,110
0,0,15,0,0.0,81,6,2,0,2.0,19.8,2022-08-07T13:00:00Z,90,10,0,0,0,0,1,3,495719,2,2,0.0,2,0,0,0,45,False,0,81
0,0,15,0,11.8,245,5,1,0,4.1,12.2,2022-08-06T14:00:00Z,72,20,0,0,0,0,1,0,6212,1,2,17.0,2,0,0,0,50,True,0,245
0,0,7,0,17.0,420,8,4,0,3.9,16.0,2022-08-06T14:00:00Z,90,18,1,0,0,0,1,0,14247,1,4,6.0,-2,0,0,0,45,False,0,420
0,0,7,0,8.1,169,1,2,0,3.6,6.8,2022-08-05T19:00:00Z,85,1,0,0,0,0,1,0,74770,2,0,21.0,2,0,0,0,55,True,0,169
0,0,10,0,1.2,220,4,2,0,5.4,15.0,2022-08-06T11:30:00Z,90,12,0,0,0,0,1,0,11496,2,2,38.0,2,0,0,0,50,True,0,220
0,0,23,1,10.2,358,7,0,0,5.6,10.2,2022-08-06T14:00:00Z,90,16,0,0,0,0,1,0,89476,0,2,36.0,6,0,0,0,45,True,0,358
0,0,3,0,0.0,91,6,0,0,0.2,2.4,2022-08-07T13:00:00Z,6,10,0,0,0,0,1,0,4623,2,2,0.0,1,0,0,0,45,False,0,91
0,0,1,0,0.3,562,4,1,0,0.3,2.2,2022-08-06T11:30:00Z,24,12,0,0,0,0,1,0,0,2,2,0.0,1,0,0,0,50,True,0,562
0,0,0,0,0.0,334,9,0,0,0.0,0.0,2022-08-07T13:00:00Z,0,5,0,0,0,0,1,0,8614,2,1,0.0,0,0,0,0,50,True,0,334
0,0,15,0,27.0,486,5,2,0,9.8,18.2,2022-08-06T14:00:00Z,90,11,0,0,0,0,1,0,1423269,1,2,53.0,2,0,0,0,55,False,0,486
0,0,0,0,0.0,389,7,0,0,0.0,0.0,2022-08-06T14:00:00Z,0,15,0,0,0,0,1,0,2052,0,2,0.0,0,0,0,0,40,False,0,389
0,0,0,0,0.0,248,6,0,0,0.0,0.0,2022-08-07T13:00:00Z,0,4,0,0,0,0,1,0,54290,2,2,0.0,0,0,0,0,50,True,0,248
0,0,0,0,0.0,216,4,0,0,0.0,0.0,2022-08-06T11:30:00Z,0,12,0,0,0,0,1,0,7833,2,2,0.0,0,0,0,0,45,True,0,216
0,0,0,0,0.0,322,10,0,0,0.0,0.0,2022-08-07T15:30:00Z,0,19,0,0,0,0,1,0,47180,2,0,0.0,0,0,0,0,40,False,0,322
0,0,12,0,5.1,265,6,2,0,1.5,9.8,2022-08-07T13:00:00Z,90,4,0,0,0,0,1,0,24916,2,2,0.0,2,0,0,0,50,True,0,265
1,0,24,1,43.0,301,10,0,0,8.7,24.4,2022-08-07T15:30:00Z,87,19,0,0,0,0,1,0,1151254,2,0,20.0,6,0,0,0,120,False,0,301
0,0,0,0,0.0,226,5,0,0,0.0,0.0,2022-08-06T14:00:00Z,0,20,0,0,0,0,1,0,1383,1,2,0.0,0,0,0,0,50,True,0,226
0,0,10,0,1.3,467,10,2,0,2.5,19.8,2022-08-07T15:30:00Z,90,13,0,0,0,0,1,0,501042,2,0,4.0,2,0,0,0,50,True,0,467
0,0,20,1,42.3,535,2,0,0,5.7,13.0,2022-08-06T14:00:00Z,85,2,0,0,0,0,1,0,5703,0,2,2.0,3,0,0,0,50,True,0,535
0,0,7,0,40.9,111,9,1,0,6.9,8.0,2022-08-07T13:00:00Z,74,14,0,0,0,0,1,0,177238,2,1,20.0,1,0,0,0,65,False,1,111
0,0,0,0,1.0,464,10,1,0,2.0,2.2,2022-08-07T15:30:00Z,33,13,0,0,0,0,1,0,185141,2,0,17.0,1,0,0,0,60,True,0,464
0,0,0,0,0.0,363,7,0,0,0.0,0.0,2022-08-06T14:00:00Z,0,16,0,0,0,0,1,0,6578,0,2,0.0,0,0,0,0,45,True,0,363
0,0,2,0,0.5,173,1,0,0,0.2,1.2,2022-08-05T19:00:00Z,4,1,0,0,0,0,1,0,18907,2,0,0.0,1,0,0,0,45,True,0,173
0,0,0,0,0.0,564,4,0,0,0.0,0.0,2022-08-06T11:30:00Z,0,9,0,0,0,0,1,0,0,2,2,0.0,0,0,0,0,45,False,0,564
0,0,3,0,0.8,391,7,1,0,1.4,5.4,2022-08-06T14:00:00Z,62,15,0,0,0,0,1,0,125873,0,2,8.0,2,0,0,0,50,False,0,391
0,0,0,0,0.0,298,4,0,0,0.0,0.0,2022-08-06T11:30:00Z,0,9,0,0,0,0,1,0,19927,2,2,0.0,0,0,0,0,40,False,0,298
0,0,0,0,0.0,115,9,0,0,0.0,0.0,2022-08-07T13:00:00Z,0,14,0,0,0,0,1,0,17451,2,1,0.0,0,0,0,0,45,False,0,115
0,0,0,0,0.0,390,7,0,0,0.0,0.0,2022-08-06T14:00:00Z,0,15,0,0,0,0,1,0,1985,0,2,0.0,0,0,0,0,50,False,0,390
0,0,0,0,0.0,372,7,0,0,0.0,0.0,2022-08-06T14:00:00Z,0,16,0,0,0,0,1,0,3668,0,2,0.0,0,0,0,0,45,True,0,372
0,0,2,0,0.0,354,7,0,0,0.0,0.0,2022-08-06T14:00:00Z,1,16,0,0,0,0,1,0,137537,0,2,0.0,1,0,0,0,60,True,0,354
0,0,3,0,0.0,403,8,0,0,0.0,0.0,2022-08-06T14:00:00Z,1,18,0,0,0,0,1,0,5871,1,4,0.0,1,0,0,0,55,False,0,403
0,0,23,0,1.1,225,5,1,1,6.5,34.8,2022-08-06T14:00:00Z,64,20,0,0,0,0,1,0,73866,1,2,29.0,7,0,0,0,60,True,0,225
0,0,0,0,0.0,206,4,0,0,0.0,0.0,2022-08-06T11:30:00Z,0,12,0,0,0,0,1,0,2807,2,2,0.0,0,0,0,0,45,True,0,206
0,0,0,0,0.0,77,2,0,0,0.0,0.0,2022-08-06T14:00:00Z,0,2,0,0,0,0,1,0,53891,0,2,0.0,0,0,0,0,40,True,0,77
0,0,5,0,0.1,193,3,0,0,0.2,1.4,2022-08-06T16:30:00Z,17,6,0,0,0,0,1,0,12958,1,0,0.0,1,0,0,0,45,True,0,193
0,0,1,0,0.8,136,3,0,0,0.6,5.6,2022-08-06T16:30:00Z,25,8,0,0,0,0,1,0,8103,1,0,0.0,1,0,0,0,50,False,0,136
0,0,12,0,3.3,272,6,2,0,2.9,19.2,2022-08-07T13:00:00Z,90,4,0,0,0,0,1,0,128115,2,2,6.0,1,0,0,0,45,True,0,272
0,0,0,0,0.0,539,2,0,0,0.0,0.0,2022-08-06T14:00:00Z,0,2,0,0,0,0,1,0,2032,0,2,0.0,0,0,0,0,45,True,0,539
0,0,3,0,0.2,536,7,1,0,0.3,2.6,2022-08-06T14:00:00Z,15,15,0,0,0,0,1,0,3088,0,2,0.0,1,0,0,0,50,False,0,536
0,0,0,0,0.0,540,6,0,0,0.0,0.0,2022-08-07T13:00:00Z,0,10,0,0,0,0,1,0,15679,2,2,0.0,0,0,0,0,40,False,0,540
0,0,0,0,0.0,563,4,0,0,0.0,0.0,2022-08-06T11:30:00Z,0,9,0,0,0,0,1,0,0,2,2,0.0,0,0,0,0,40,False,0,563
0,0,9,0,0.5,192,3,1,0,4.8,27.0,2022-08-06T16:30:00Z,72,6,0,0,0,0,1,0,10243,1,0,20.0,1,0,0,0,45,True,1,192
0,0,0,0,0.0,474,5,0,0,0.0,0.0,2022-08-06T14:00:00Z,0,11,0,0,0,0,1,0,25170,1,2,0.0,0,0,0,0,45,False,0,474
0,0,15,0,0.8,109,9,1,0,2.6,25.4,2022-08-07T13:00:00Z,90,14,0,0,0,0,1,0,27438,2,1,0.0,2,0,0,0,45,False,0,109
0,0,6,1,17.7,368,7,0,0,10.6,6.8,2022-08-06T14:00:00Z,89,16,0,0,0,0,1,0,596955,0,2,81.0,3,0,0,0,65,True,0,368
1,0,22,0,14.8,85,6,2,0,3.5,20.2,2022-08-07T13:00:00Z,90,10,0,0,0,0,1,0,47144,2,2,0.0,4,0,0,0,45,False,0,85
0,0,2,0,0.0,473,10,2,0,0.0,0.0,2022-08-07T15:30:00Z,61,13,0,0,0,0,1,0,109416,2,0,0.0,1,0,0,0,45,True,0,473
0,0,0,0,0.0,20,1,0,0,0.0,0.0,2022-08-05T19:00:00Z,0,7,0,0,0,0,1,0,4463,2,0,0.0,0,0,0,0,45,False,0,20
0,0,0,0,10.0,444,8,0,0,1.6,5.0,2022-08-06T14:00:00Z,4,17,0,0,0,0,1,0,55180,1,4,1.0,0,0,0,0,50,True,1,444
0,0,0,0,0.0,548,6,0,0,0.0,0.0,2022-08-07T13:00:00Z,0,4,0,0,0,0,1,0,248388,2,2,0.0,0,0,0,0,40,True,0,548
0,3,43,1,14.6,366,7,0,1,10.6,66.0,2022-08-06T14:00:00Z,90,16,0,0,0,0,1,0,40132,0,2,25.0,15,0,0,0,45,True,0,366
1,2,20,0,34.9,103,9,1,0,11.2,24.8,2022-08-07T13:00:00Z,90,14,0,0,0,0,1,0,34057,2,1,52.0,7,0,0,0,65,False,0,103
0,0,11,0,0.0,281,4,2,0,0.8,8.2,2022-08-06T11:30:00Z,90,9,0,0,0,0,1,1,1567712,2,2,0.0,1,0,0,0,55,False,0,281
1,0,18,0,10.8,255,6,2,0,4.1,26.4,2022-08-07T13:00:00Z,90,4,0,0,0,0,1,0,398397,2,2,4.0,5,0,0,0,95,True,0,255
0,0,0,0,0.0,518,7,0,0,0.0,0.0,2022-08-06T14:00:00Z,0,15,0,0,0,0,1,0,204804,0,2,0.0,0,0,0,0,40,False,0,518
0,0,0,0,0.0,450,8,0,0,0.0,0.0,2022-08-06T14:00:00Z,0,17,0,0,0,0,1,0,41722,1,4,0.0,0,0,0,0,45,True,0,450
0,0,1,0,0.7,529,10,1,0,0.1,0.0,2022-08-07T15:30:00Z,33,13,0,0,0,0,1,0,100675,2,0,0.0,1,0,0,0,70,True,0,529
0,0,0,0,0.0,302,10,0,0,0.0,0.0,2022-08-07T15:30:00Z,0,19,0,0,0,0,1,0,238382,2,0,0.0,0,0,0,0,55,False,0,302
0,0,0,0,0.0,350,7,0,0,0.0,0.0,2022-08-06T14:00:00Z,0,16,0,0,0,0,1,0,8772,0,2,0.0,0,0,0,0,45,True,0,350
0,0,0,0,0.0,175,1,0,0,0.0,0.0,2022-08-05T19:00:00Z,0,1,0,0,0,0,1,0,10954,2,0,0.0,0,0,0,0,45,True,0,175
0,0,0,0,0.0,384,7,0,0,0.0,0.0,2022-08-06T14:00:00Z,0,15,0,0,0,0,1,0,5339,0,2,0.0,0,0,0,0,50,False,0,384
0,0,11,0,1.9,170,1,2,0,1.6,13.8,2022-08-05T19:00:00Z,90,1,0,0,0,0,1,0,74150,2,0,0.0,1,0,0,0,45,True,0,170
0,0,0,0,0.0,362,7,0,0,0.0,0.0,2022-08-06T14:00:00Z,0,16,0,0,0,0,1,0,44271,0,2,0.0,0,0,0,0,40,True,0,362
0,1,26,1,0.6,16,1,0,0,2.7,24.2,2022-08-05T19:00:00Z,90,7,0,0,0,0,1,0,689975,2,0,2.0,7,0,0,0,50,False,0,16
0,0,0,0,0.0,289,4,0,0,0.0,0.0,2022-08-06T11:30:00Z,0,9,0,0,0,0,1,0,20766,2,2,0.0,0,0,0,0,40,False,0,289
0,0,0,0,0.0,456,10,0,0,0.0,0.0,2022-08-07T15:30:00Z,0,13,0,0,0,0,1,0,9008,2,0,0.0,0,0,0,0,45,True,0,456
0,0,0,0,0.0,441,8,0,0,0.0,0.0,2022-08-06T14:00:00Z,0,17,0,0,0,0,1,0,12772,1,4,0.0,0,0,0,0,45,True,0,441
0,0,0,0,0.0,544,9,0,0,0.0,0.0,2022-08-07T13:00:00Z,0,14,0,0,0,0,1,0,13447,2,1,0.0,0,0,0,0,40,False,0,544
1,0,8,0,1.2,227,5,1,0,4.2,6.4,2022-08-06T14:00:00Z,83,20,0,0,0,0,1,0,110859,1,2,34.0,5,0,0,0,75,True,0,227
0,0,2,0,5.3,223,5,0,0,1.1,1.4,2022-08-06T14:00:00Z,25,20,0,0,0,0,1,0,10219,1,2,4.0,1,0,0,0,50,True,0,223
0,0,0,0,0.0,511,7,0,0,0.0,0.0,2022-08-06T14:00:00Z,0,15,0,0,0,0,1,0,1015,0,2,0.0,0,0,0,0,45,False,0,511
0,0,0,0,0.0,361,7,0,0,0.0,0.0,2022-08-06T14:00:00Z,0,16,0,0,0,0,1,0,18707,0,2,0.0,0,0,0,0,45,True,0,361
0,0,25,1,1.4,312,10,0,0,2.0,16.6,2022-08-07T15:30:00Z,90,19,0,0,0,0,1,0,917791,2,0,2.0,6,0,0,0,60,False,0,312
0,0,0,0,0.0,528,8,0,0,0.0,0.0,2022-08-06T14:00:00Z,0,18,0,0,0,0,1,0,7535,1,4,0.0,0,0,0,0,55,False,0,528
0,0,11,0,7.0,161,1,2,0,5.2,13.4,2022-08-05T19:00:00Z,85,1,0,0,0,0,1,0,16304,2,0,32.0,2,0,0,0,50,True,0,161
0,0,13,0,3.5,185,3,1,0,3.9,10.0,2022-08-06T16:30:00Z,90,6,0,0,0,0,1,0,18221,1,0,25.0,2,0,0,0,55,True,0,185
0,0,0,0,0.0,521,4,0,0,0.0,0.0,2022-08-06T11:30:00Z,0,12,0,0,0,0,1,0,2384,2,2,0.0,0,0,0,0,45,True,0,521
0,0,0,0,0.0,561,3,0,0,0.0,0.0,2022-08-06T16:30:00Z,0,6,0,0,0,0,1,0,0,1,0,0.0,0,0,0,0,45,True,0,561
0,0,0,0,0.0,525,2,0,0,0.0,0.0,2022-08-06T14:00:00Z,0,3,0,0,0,0,1,0,5642,0,2,0.0,0,0,0,0,45,False,0,525
0,0,12,0,4.3,282,4,1,0,1.6,9.8,2022-08-06T11:30:00Z,58,9,0,0,0,0,1,0,79661,2,2,2.0,1,0,0,0,55,False,0,282
0,0,16,0,30.4,160,1,2,0,7.6,13.6,2022-08-05T19:00:00Z,90,1,0,0,0,0,1,0,624984,2,0,32.0,2,0,0,0,70,True,0,160
0,0,0,0,0.0,176,3,0,0,0.0,0.0,2022-08-06T16:30:00Z,0,6,0,0,0,0,1,0,45783,1,0,0.0,0,0,0,0,40,True,0,176
0,0,0,0,0.0,270,6,0,0,0.0,0.0,2022-08-07T13:00:00Z,0,4,0,0,0,0,1,0,8036,2,2,0.0,0,0,0,0,45,True,0,270
0,0,0,0,0.0,99,6,0,0,0.0,0.0,2022-08-07T13:00:00Z,0,10,0,0,0,0,1,0,237,2,2,0.0,0,0,0,0,45,False,0,99
0,0,0,0,0.0,256,6,0,0,0.0,0.0,2022-08-07T13:00:00Z,0,4,0,0,0,0,1,0,7966,2,2,0.0,0,0,0,0,45,True,0,256
0,0,0,0,0.0,263,6,0,0,0.0,0.0,2022-08-07T13:00:00Z,0,4,0,0,0,0,1,0,17572,2,2,0.0,0,0,0,0,45,True,0,263
0,0,0,0,0.0,482,5,0,0,0.0,0.0,2022-08-06T14:00:00Z,0,11,0,0,0,0,1,0,2396,1,2,0.0,0,0,0,0,50,False,0,482
0,0,2,0,0.0,568,5,0,0,0.0,0.0,2022-08-06T14:00:00Z,5,11,0,0,0,0,1,0,0,1,2,0.0,1,0,0,0,45,False,0,568
0,0,8,0,18.2,189,3,1,0,4.8,5.6,2022-08-06T16:30:00Z,90,6,0,0,0,0,1,0,68541,1,0,24.0,2,0,0,0,55,True,0,189
0,3,28,0,41.0,483,5,2,1,11.0,41.0,2022-08-06T14:00:00Z,90,11,0,0,0,0,1,0,38556,1,2,28.0,10,0,0,0,55,False,0,483
0,0,0,0,0.0,179,3,0,0,0.0,0.0,2022-08-06T16:30:00Z,0,6,0,0,0,0,1,0,495,1,0,0.0,0,0,0,0,55,True,0,179
0,0,0,0,0.0,492,5,0,0,0.0,0.0,2022-08-06T14:00:00Z,0,11,0,0,0,0,1,0,191920,1,2,0.0,0,0,0,0,40,False,0,492
1,3,38,1,23.3,313,1,0,0,8.4,40.0,2022-08-05T19:00:00Z,82,7,0,0,0,0,1,0,1170032,2,0,21.0,12,0,0,0,50,False,0,313
0,0,12,0,3.4,197,3,1,0,2.4,16.4,2022-08-06T16:30:00Z,90,6,0,0,0,0,1,0,257701,1,0,4.0,2,0,0,0,40,True,0,197
0,0,16,0,13.3,257,6,2,0,2.5,10.8,2022-08-07T13:00:00Z,90,4,0,0,0,0,1,0,23381,2,2,1.0,1,0,0,0,45,True,0,257
0,0,0,0,0.0,392,7,0,0,0.0,0.0,2022-08-06T14:00:00Z,0,15,0,0,0,0,1,0,3740,0,2,0.0,0,0,0,0,45,False,0,392
0,0,17,1,12.9,6,1,0,0,4.6,22.6,2022-08-05T19:00:00Z,90,7,0,0,0,0,1,0,39617,2,0,10.0,3,0,0,0,50,False,0,6
0,0,20,0,1.4,83,6,0,1,4.7,38.6,2022-08-07T13:00:00Z,31,10,0,0,0,0,1,0,84191,2,2,7.0,6,0,0,0,45,False,0,83
0,0,0,0,0.0,411,8,0,0,0.0,0.0,2022-08-06T14:00:00Z,0,18,0,0,0,0,1,0,61566,1,4,0.0,0,0,0,0,65,False,0,411
0,0,2,0,18.5,527,7,2,0,4.3,6.0,2022-08-06T14:00:00Z,90,15,0,0,0,0,1,0,459837,0,2,18.0,2,0,0,0,60,False,0,527
0,0,1,0,0.9,414,8,2,0,0.5,4.0,2022-08-06T14:00:00Z,45,18,0,0,0,0,1,0,70717,1,4,0.0,0,0,0,0,40,False,0,414
0,0,4,0,4.2,279,4,1,0,1.8,7.4,2022-08-06T11:30:00Z,50,9,0,0,0,0,1,0,109701,2,2,6.0,1,0,0,0,80,False,0,279
0,0,-1,1,29.8,304,3,0,0,9.3,7.0,2022-08-06T16:30:00Z,90,8,0,0,0,0,1,0,530944,1,0,56.0,3,0,0,0,100,False,0,304
0,0,4,0,15.7,194,3,1,0,3.3,15.8,2022-08-06T16:30:00Z,90,6,0,0,0,0,1,0,23854,1,0,1.0,1,0,0,0,45,True,1,194
0,0,0,0,0.0,264,6,0,0,0.0,0.0,2022-08-07T13:00:00Z,0,4,0,0,0,0,1,0,197907,2,2,0.0,0,0,0,0,70,True,0,264
0,0,8,0,0.2,461,10,2,0,1.5,13.0,2022-08-07T15:30:00Z,90,13,0,0,0,0,1,0,110499,2,0,2.0,1,0,0,0,45,True,0,461
0,0,0,0,0.0,375,7,0,0,0.0,0.0,2022-08-06T14:00:00Z,0,16,0,0,0,0,1,0,551,0,2,0.0,0,0,0,0,45,True,0,375
0,0,0,0,0.0,532,4,0,0,0.0,0.0,2022-08-06T11:30:00Z,0,12,0,0,0,0,1,0,14856,2,2,0.0,0,0,0,0,45,True,0,532
0,0,0,0,0.0,291,4,0,0,0.0,0.0,2022-08-06T11:30:00Z,0,9,0,0,0,0,1,0,1092,2,2,0.0,0,0,0,0,50,False,0,291
0,0,9,0,0.1,106,9,1,0,1.6,12.2,2022-08-07T13:00:00Z,90,14,0,0,0,0,1,0,147708,2,1,4.0,2,0,0,0,45,False,0,106
0,0,0,0,0.0,122,9,0,0,0.0,0.0,2022-08-07T13:00:00Z,0,14,0,0,0,0,1,0,1005,2,1,0.0,0,0,0,0,40,False,0,122
0,0,3,0,11.5,326,9,0,0,3.6,4.6,2022-08-07T13:00:00Z,37,5,0,0,0,0,1,0,352984,2,1,20.0,1,0,0,0,105,True,0,326
0,0,3,0,1.3,54,2,0,0,0.3,0.0,2022-08-06T14:00:00Z,8,3,0,0,0,0,1,0,617143,0,2,2.0,1,0,0,0,45,False,0,54
0,0,0,0,0.0,63,2,0,0,0.0,0.0,2022-08-06T14:00:00Z,0,2,0,0,0,0,1,0,1706,0,2,0.0,0,0,0,0,50,True,0,63
0,0,1,1,4.4,145,3,0,0,5.3,1.6,2022-08-06T16:30:00Z,74,8,0,0,0,0,1,0,356575,1,0,47.0,2,0,0,0,80,False,0,145
0,0,0,0,0.0,290,4,0,0,0.0,0.0,2022-08-06T11:30:00Z,0,9,0,0,0,0,1,0,57031,2,2,0.0,0,0,0,0,50,False,0,290
0,0,0,0,0.0,121,9,0,0,0.0,0.0,2022-08-07T13:00:00Z,0,14,0,0,0,0,1,0,830,2,1,0.0,0,0,0,0,45,False,0,121
0,0,9,0,23.6,493,5,2,0,4.8,11.6,2022-08-06T14:00:00Z,90,11,0,0,0,0,1,0,13163,1,2,13.0,2,0,0,0,55,False,0,493
0,0,8,0,19.2,112,3,0,0,2.6,7.0,2022-08-06T16:30:00Z,15,8,0,0,0,0,1,0,690746,1,0,0.0,0,0,0,0,50,False,1,112
0,0,0,0,0.0,348,9,0,0,0.0,0.0,2022-08-07T13:00:00Z,0,5,0,0,0,0,1,0,41033,2,1,0.0,0,0,0,0,40,True,0,348
0,0,7,0,19.9,29,2,2,0,4.4,3.0,2022-08-06T14:00:00Z,81,3,0,0,0,0,1,0,1342560,0,2,21.0,2,0,0,0,70,False,0,29
1,0,10,1,7.6,13,1,0,0,4.5,1.8,2022-08-05T19:00:00Z,90,7,0,0,0,0,1,0,1772492,2,0,36.0,6,0,0,0,80,False,0,13
0,0,0,0,0.0,32,2,0,0,0.0,0.0,2022-08-06T14:00:00Z,0,3,0,0,0,0,1,0,23881,0,2,0.0,0,0,0,0,45,False,0,32
0,0,0,0,0.0,485,5,0,0,0.0,0.0,2022-08-06T14:00:00Z,0,11,0,0,0,0,1,0,36521,1,2,0.0,0,0,0,0,45,False,0,485
1,0,27,1,4.7,139,3,0,0,1.0,3.2,2022-08-06T16:30:00Z,64,8,0,0,0,0,1,0,280300,1,0,2.0,9,0,0,0,60,False,0,139
0,0,0,0,0.0,133,3,0,0,0.0,0.0,2022-08-06T16:30:00Z,0,8,0,0,0,0,1,0,18525,1,0,0.0,0,0,0,0,45,False,0,133
0,0,1,0,4.7,274,4,1,0,1.6,3.2,2022-08-06T11:30:00Z,31,9,0,0,0,0,1,0,62173,2,2,8.0,1,0,0,0,45,False,0,274
0,0,0,0,0.0,543,9,0,0,0.0,0.0,2022-08-07T13:00:00Z,0,14,0,0,0,0,1,0,14644,2,1,0.0,0,0,0,0,40,False,0,543
0,0,0,0,0.0,494,5,0,0,0.0,0.0,2022-08-06T14:00:00Z,0,11,0,0,0,0,1,0,77448,1,2,0.0,0,0,0,0,40,False,0,494
0,3,32,1,18.1,130,3,0,1,7.6,39.0,2022-08-06T16:30:00Z,90,8,0,0,0,0,1,0,114916,1,0,19.0,11,0,0,0,60,False,0,130
0,0,0,0,0.0,426,8,0,0,0.0,0.0,2022-08-06T14:00:00Z,0,17,0,0,0,0,1,0,525074,1,4,0.0,0,0,0,0,40,True,0,426
0,0,9,0,14.6,463,10,2,0,2.6,11.0,2022-08-07T15:30:00Z,90,13,0,0,0,0,1,0,88668,2,0,0.0,1,0,0,0,45,True,0,463
0,0,13,0,0.7,217,4,2,0,1.6,14.8,2022-08-06T11:30:00Z,90,12,0,0,0,0,1,0,9043,2,2,0.0,1,0,0,0,45,True,0,217
0,0,0,0,0.0,466,10,0,0,0.0,0.0,2022-08-07T15:30:00Z,0,13,0,0,0,0,1,0,3477,2,0,0.0,0,0,0,0,50,True,0,466
0,0,0,0,0.0,386,7,0,0,0.0,0.0,2022-08-06T14:00:00Z,0,15,0,0,0,0,1,0,23682,0,2,0.0,0,0,0,0,40,False,0,386
0,0,0,0,0.0,252,6,0,0,0.0,0.0,2022-08-07T13:00:00Z,0,4,0,0,0,0,1,0,50019,2,2,0.0,0,0,0,0,45,True,0,252
0,0,0,0,0.0,547,5,0,0,0.0,0.0,2022-08-06T14:00:00Z,0,20,0,0,0,0,1,0,6079,1,2,0.0,0,0,0,0,40,True,0,547
0,0,4,0,0.1,271,6,1,0,0.1,1.2,2022-08-07T13:00:00Z,17,4,0,0,0,0,1,0,113131,2,2,0.0,1,0,0,0,60,True,0,271
0,0,20,0,15.9,534,3,1,0,3.3,14.6,2022-08-06T16:30:00Z,60,6,0,0,0,0,1,0,33086,1,0,2.0,2,0,0,0,55,True,0,534
0,0,0,0,0.0,273,6,0,0,0.0,0.0,2022-08-07T13:00:00Z,0,4,0,0,0,0,1,0,23323,2,2,0.0,0,0,0,0,40,True,0,273
0,0,11,1,26.4,300,10,0,0,5.1,3.8,2022-08-07T15:30:00Z,77,19,0,0,0,0,1,0,75393,2,0,21.0,3,0,0,0,75,False,0,300
0,0,0,0,0.0,92,6,0,0,0.0,0.0,2022-08-07T13:00:00Z,0,10,0,0,0,0,1,0,2802,2,2,0.0,0,0,0,0,45,False,0,92
0,0,8,0,31.9,45,2,2,0,6.7,12.8,2022-08-06T14:00:00Z,90,3,0,0,0,0,1,0,1449758,0,2,22.0,2,0,0,0,50,False,0,45
0,0,0,0,0.0,508,5,0,0,0.0,0.0,2022-08-06T14:00:00Z,0,20,0,0,0,0,1,0,17295,1,2,0.0,0,0,0,0,65,True,0,508
0,0,0,0,0.0,218,4,0,0,0.0,0.0,2022-08-06T11:30:00Z,0,12,0,0,0,0,1,0,10991,2,2,0.0,0,0,0,0,55,True,0,218
0,0,14,0,2.1,79,6,2,0,1.3,11.2,2022-08-07T13:00:00Z,72,10,0,0,0,0,1,0,23369,2,2,0.0,2,0,0,0,55,False,0,79
0,0,0,0,0.0,1,1,0,0,0.0,0.0,2022-08-05T19:00:00Z,0,7,0,0,0,0,1,0,23970,2,0,0.0,0,0,0,0,45,False,0,1
0,0,6,0,0.4,397,7,1,0,0.4,3.2,2022-08-06T14:00:00Z,27,15,0,0,0,0,1,0,91393,0,2,0.0,1,0,0,0,60,False,0,397
0,0,7,0,1.4,167,1,2,0,1.8,16.6,2022-08-05T19:00:00Z,90,1,1,0,0,0,1,0,178083,2,0,0.0,-1,0,0,0,45,True,0,167
0,0,3,0,11.9,204,4,1,0,2.4,1.6,2022-08-06T11:30:00Z,65,12,0,0,0,0,1,0,4034,2,2,10.0,2,0,0,0,55,True,0,204
0,0,0,0,0.0,337,9,0,0,0.0,0.0,2022-08-07T13:00:00Z,0,5,0,0,0,0,1,0,20023,2,1,0.0,0,0,0,0,45,True,0,337
0,0,19,1,30.4,314,10,0,0,5.1,10.8,2022-08-07T15:30:00Z,87,19,0,0,0,0,1,0,482845,2,0,10.0,3,0,0,0,80,False,0,314
0,0,3,0,0.3,316,10,0,0,0.2,0.0,2022-08-07T15:30:00Z,2,19,0,0,0,0,1,0,13764,2,0,2.0,1,0,0,0,45,False,0,316
0,0,10,0,0.0,31,2,2,0,0.9,9.2,2022-08-06T14:00:00Z,90,3,0,0,0,0,1,1,476293,0,2,0.0,1,0,0,0,50,False,0,31
0,0,8,0,16.8,277,4,1,0,2.3,6.4,2022-08-06T11:30:00Z,50,9,0,0,0,0,1,0,175766,2,2,0.0,1,0,0,0,55,False,0,277
0,0,3,0,1.0,114,9,0,0,0.3,0.2,2022-08-07T13:00:00Z,15,14,0,0,0,0,1,0,220176,2,1,2.0,1,0,0,0,45,False,0,114
0,0,0,0,0.0,21,1,0,0,0.0,0.0,2022-08-05T19:00:00Z,0,7,0,0,0,0,1,0,4894,2,0,0.0,0,0,0,0,50,False,0,21
0,0,0,0,0.0,560,3,0,0,0.0,0.0,2022-08-06T16:30:00Z,0,6,0,0,0,0,1,0,0,1,0,0.0,0,0,0,0,45,True,0,560
0,0,1,0,0.3,69,2,0,0,0.0,0.0,2022-08-06T14:00:00Z,4,2,0,0,0,0,1,0,6183,0,2,0.0,1,0,0,0,55,True,0,69
0,0,14,0,16.8,432,8,1,0,4.8,22.4,2022-08-06T14:00:00Z,85,17,0,0,0,0,1,0,62596,1,4,9.0,2,0,0,0,50,True,0,432
0,0,12,0,13.0,211,4,2,0,5.5,22.0,2022-08-06T11:30:00Z,90,12,0,0,0,0,1,0,33105,2,2,20.0,2,0,0,0,45,True,0,211
0,0,4,0,14.3,303,10,0,0,1.6,2.0,2022-08-07T15:30:00Z,2,19,0,0,0,0,1,0,454397,2,0,0.0,1,0,0,0,80,False,0,303
1,0,22,0,25.7,481,5,2,0,8.4,28.8,2022-08-06T14:00:00Z,84,11,0,0,0,0,1,0,33453,1,2,29.0,5,0,0,0,60,False,0,481
0,0,13,0,17.1,259,6,2,0,4.5,11.8,2022-08-07T13:00:00Z,90,4,0,0,0,0,1,0,181627,2,2,16.0,2,0,0,0,65,True,0,259
0,0,26,0,0.0,398,7,2,0,4.8,48.0,2022-08-06T14:00:00Z,90,15,0,0,0,0,1,7,434219,0,2,0.0,3,0,0,0,45,False,0,398
0,0,0,0,0.0,421,8,0,0,0.0,0.0,2022-08-06T14:00:00Z,0,18,0,0,0,0,1,0,27219,1,4,0.0,0,0,0,0,40,False,0,421
0,0,0,0,0.0,439,8,0,0,0.0,0.0,2022-08-06T14:00:00Z,0,17,0,0,0,0,1,0,326746,1,4,0.0,0,0,0,0,40,True,0,439
0,0,0,0,0.0,565,5,0,0,0.0,0.0,2022-08-06T14:00:00Z,0,20,0,0,0,0,1,0,0,1,2,0.0,0,0,0,0,45,True,0,565
0,0,0,0,0.0,557,5,0,0,0.0,0.0,2022-08-06T14:00:00Z,0,11,0,0,0,0,1,0,37958,1,2,0.0,0,0,0,0,40,False,0,557
0,0,0,0,0.0,387,7,0,0,0.0,0.0,2022-08-06T14:00:00Z,0,15,0,0,0,0,1,0,4222,0,2,0.0,0,0,0,0,50,False,0,387
0,0,1,0,2.3,416,8,0,0,1.4,1.6,2022-08-06T14:00:00Z,15,18,0,0,0,0,1,0,65020,1,4,10.0,1,0,0,0,45,False,0,416
0,0,11,0,1.7,523,7,2,0,1.0,8.6,2022-08-06T14:00:00Z,90,15,0,0,0,0,1,0,7659,0,2,0.0,1,0,0,0,45,False,0,523
0,0,0,0,0.0,517,6,0,0,0.0,0.0,2022-08-07T13:00:00Z,0,10,0,0,0,0,1,0,18356,2,2,0.0,0,0,0,0,45,False,0,517
0,0,0,0,0.0,117,9,0,0,0.0,0.0,2022-08-07T13:00:00Z,0,14,0,0,0,0,1,0,3484,2,1,0.0,0,0,0,0,45,False,0,117
0,0,1,0,0.3,395,7,0,0,0.0,0.0,2022-08-06T14:00:00Z,7,15,0,0,0,0,1,0,2367,0,2,0.0,1,0,0,0,50,False,0,395
0,0,2,0,1.9,181,3,0,0,0.6,0.4,2022-08-06T16:30:00Z,29,6,0,0,0,0,1,0,44204,1,0,4.0,1,0,0,0,55,True,0,181
0,0,19,0,4.0,440,8,1,0,2.0,16.4,2022-08-06T14:00:00Z,85,17,0,0,0,0,1,0,29440,1,4,0.0,1,0,0,0,55,True,1,440
0,3,34,0,15.3,266,6,1,1,6.7,42.4,2022-08-07T13:00:00Z,72,4,0,0,0,0,1,0,62732,2,2,9.0,10,0,0,0,50,True,0,266
0,0,3,0,0.0,377,7,0,0,0.1,0.6,2022-08-06T14:00:00Z,1,16,0,0,0,0,1,0,191857,0,2,0.0,1,0,0,0,45,True,0,377
0,0,0,0,0.0,126,9,0,0,0.0,0.0,2022-08-07T13:00:00Z,0,14,0,0,0,0,1,0,6650,2,1,0.0,0,0,0,0,45,False,0,126
0,0,13,0,24.0,340,9,2,0,4.3,7.0,2022-08-07T13:00:00Z,89,5,0,0,0,0,1,0,817327,2,1,12.0,2,0,0,0,75,True,0,340
0,0,6,0,8.0,448,8,0,0,2.1,7.0,2022-08-06T14:00:00Z,24,17,0,0,0,0,1,0,1973469,1,4,6.0,1,0,0,0,55,True,0,448
0,0,0,0,0.0,48,3,0,0,0.0,0.0,2022-08-06T16:30:00Z,0,8,0,0,0,0,1,0,55909,1,0,0.0,0,0,0,0,45,False,0,48
0,0,0,0,0.0,14,1,0,0,0.0,0.0,2022-08-05T19:00:00Z,0,7,0,0,0,0,1,0,172673,2,0,0.0,0,0,0,0,45,False,0,14
0,0,3,0,0.1,513,8,0,0,0.3,2.6,2022-08-06T14:00:00Z,4,17,0,0,0,0,1,0,39443,1,4,0.0,1,0,0,0,50,True,0,513
0,0,4,0,0.2,188,3,1,0,1.2,11.8,2022-08-06T16:30:00Z,69,6,0,0,0,0,1,0,17595,1,0,0.0,1,0,0,0,45,True,1,188
0,0,0,0,0.0,451,8,0,0,0.0,0.0,2022-08-06T14:00:00Z,0,17,0,0,0,0,1,0,27621,1,4,0.0,0,0,0,0,40,True,0,451
0,0,0,0,0.0,198,3,0,0,0.0,0.0,2022-08-06T16:30:00Z,0,6,0,0,0,0,1,0,40473,1,0,0.0,0,0,0,0,40,True,0,198
0,0,19,0,0.0,238,5,1,0,3.9,38.8,2022-08-06T14:00:00Z,90,20,0,0,0,0,1,5,204130,1,2,0.0,3,0,0,0,45,True,0,238
0,0,15,0,1.3,249,6,2,0,1.5,14.0,2022-08-07T13:00:00Z,90,4,0,0,0,0,1,0,24256,2,2,0.0,1,0,0,0,45,True,0,249
0,0,0,0,0.0,250,6,0,0,0.0,0.0,2022-08-07T13:00:00Z,0,4,0,0,0,0,1,0,3217,2,2,0.0,0,0,0,0,40,True,0,250
0,0,0,0,0.0,502,10,0,0,0.0,0.0,2022-08-07T15:30:00Z,0,19,0,0,0,0,1,0,11672,2,0,0.0,0,0,0,0,40,False,0,502
0,0,14,0,2.3,330,9,2,0,5.4,18.0,2022-08-07T13:00:00Z,90,5,0,0,0,0,1,0,78464,2,1,34.0,0,0,0,0,50,True,1,330
0,0,0,0,0.0,23,1,0,0,0.0,0.0,2022-08-05T19:00:00Z,0,7,0,0,0,0,1,0,2725,2,0,0.0,0,0,0,0,50,False,0,23
0,0,0,0,0.0,191,3,0,0,0.0,0.0,2022-08-06T16:30:00Z,0,6,0,0,0,0,1,0,52185,1,0,0.0,0,0,0,0,80,True,0,191
0,0,1,0,0.3,458,10,1,0,2.0,0.0,2022-08-07T15:30:00Z,56,13,0,0,0,0,1,0,393620,2,0,22.0,1,0,0,0,75,True,0,458
0,0,3,0,2.7,311,10,0,0,0.9,4.4,2022-08-07T15:30:00Z,12,19,0,0,0,0,1,0,644299,2,0,2.0,1,0,0,0,70,False,0,311
0,0,17,0,42.5,519,9,2,0,10.5,28.6,2022-08-07T13:00:00Z,90,5,0,0,0,0,1,0,361793,2,1,34.0,2,0,0,0,65,True,0,519
0,0,0,0,0.0,393,7,0,0,0.0,0.0,2022-08-06T14:00:00Z,0,15,0,0,0,0,1,0,3761,0,2,0.0,0,0,0,0,45,False,0,393
0,0,9,0,10.3,370,7,0,0,1.7,4.4,2022-08-06T14:00:00Z,10,16,0,0,0,0,1,0,91852,0,2,2.0,1,0,0,0,45,True,0,370
0,0,0,0,0.0,498,4,0,0,0.0,0.0,2022-08-06T11:30:00Z,0,9,0,0,0,0,1,0,1280,2,2,0.0,0,0,0,0,40,False,0,498
0,0,0,0,0.0,219,4,0,0,0.0,0.0,2022-08-06T11:30:00Z,0,12,0,0,0,0,1,0,96347,2,2,0.0,0,0,0,0,45,True,0,219
0,0,21,0,16.5,479,5,2,0,7.8,24.4,2022-08-06T14:00:00Z,90,11,0,0,0,0,1,0,13096,1,2,37.0,2,0,0,0,50,False,0,479
0,0,0,0,0.0,449,8,0,0,0.0,0.0,2022-08-06T14:00:00Z,0,17,0,0,0,0,1,0,27583,1,4,0.0,0,0,0,0,45,True,0,449
0,0,0,0,0.0,229,5,0,0,0.0,0.0,2022-08-06T14:00:00Z,0,20,0,0,0,0,1,0,101,1,2,0.0,0,0,0,0,50,True,0,229
0,0,0,0,0.0,25,1,0,0,0.0,0.0,2022-08-05T19:00:00Z,0,7,0,0,0,0,1,0,15311,2,0,0.0,0,0,0,0,60,False,0,25
0,0,0,0,0.0,38,2,0,0,0.0,0.0,2022-08-06T14:00:00Z,0,3,0,0,0,0,1,0,3746,0,2,0.0,0,0,0,0,45,False,0,38
0,0,27,1,5.8,62,2,0,1,5.8,35.0,2022-08-06T14:00:00Z,90,2,0,0,0,0,1,0,20629,0,2,17.0,6,0,0,0,55,True,0,62
0,0,0,0,0.0,96,6,0,0,0.0,0.0,2022-08-07T13:00:00Z,0,10,0,0,0,0,1,0,52672,2,2,0.0,0,0,0,0,40,False,0,96
0,0,10,0,27.6,342,9,2,0,10.1,17.8,2022-08-07T13:00:00Z,90,5,0,0,0,0,1,0,370352,2,1,56.0,1,0,0,0,45,True,0,342
0,0,0,0,0.0,131,3,0,0,0.0,0.0,2022-08-06T16:30:00Z,0,8,0,0,0,0,1,0,4870,1,0,0.0,0,0,0,0,50,False,0,131
0,0,12,0,1.4,108,9,1,0,3.9,20.2,2022-08-07T13:00:00Z,90,14,0,0,0,0,1,0,8977,2,1,17.0,2,0,0,0,45,False,0,108
0,0,16,0,3.8,514,1,1,0,1.0,5.8,2022-08-05T19:00:00Z,74,1,0,0,0,0,1,0,9875,2,0,0.0,2,0,0,0,50,True,0,514
0,0,10,0,0.3,507,7,2,0,1.7,16.8,2022-08-06T14:00:00Z,82,15,0,0,0,0,1,0,12386,0,2,0.0,1,0,0,0,45,False,0,507
0,0,0,0,0.0,190,3,0,0,0.0,0.0,2022-08-06T16:30:00Z,0,6,0,0,0,0,1,0,2494,1,0,0.0,0,0,0,0,50,True,0,190
0,0,13,0,0.3,471,10,2,0,1.8,17.8,2022-08-07T15:30:00Z,90,13,0,0,0,0,1,0,8532,2,0,0.0,1,0,0,0,45,True,0,471
0,0,0,0,0.0,412,8,0,0,0.0,0.0,2022-08-06T14:00:00Z,0,18,0,0,0,0,1,0,452,1,4,0.0,0,0,0,0,50,False,0,412
0,0,2,0,0.3,240,5,0,0,0.1,0.0,2022-08-06T14:00:00Z,5,20,0,0,0,0,1,0,17111,1,2,2.0,1,0,0,0,45,True,0,240
0,0,0,0,0.0,328,9,0,0,0.0,0.0,2022-08-07T13:00:00Z,0,5,0,0,0,0,1,0,27156,2,1,0.0,0,0,0,0,40,True,0,328
0,0,1,0,0.3,296,4,0,0,0.2,0.0,2022-08-06T11:30:00Z,12,9,0,0,0,0,1,0,21632,2,2,4.0,1,0,0,0,55,False,0,296
0,0,0,0,0.0,24,1,0,0,0.0,0.0,2022-08-05T19:00:00Z,0,7,0,0,0,0,1,0,60915,2,0,0.0,0,0,0,0,40,False,0,24
0,0,0,0,0.0,423,8,0,0,0.0,0.0,2022-08-06T14:00:00Z,0,18,0,0,0,0,1,0,5917,1,4,0.0,0,0,0,0,45,False,0,423
0,0,17,0,36.8,120,9,1,0,6.6,24.8,2022-08-07T13:00:00Z,90,14,0,0,0,0,1,0,7058,2,1,4.0,2,0,0,0,50,False,0,120
0,0,9,0,14.1,157,1,2,0,2.3,8.4,2022-08-05T19:00:00Z,90,1,0,0,0,0,1,0,11649,2,0,0.0,0,0,0,0,45,True,1,157
0,0,23,1,15.2,19,1,0,1,9.2,38.2,2022-08-05T19:00:00Z,90,7,0,0,0,0,1,0,1728741,2,0,39.0,8,0,0,0,60,False,0,19
0,0,21,1,0.0,376,7,0,0,0.2,2.4,2022-08-06T14:00:00Z,90,16,0,0,0,0,1,0,334464,0,2,0.0,6,0,0,0,50,True,0,376
0,0,19,0,1.8,276,4,2,0,3.2,30.4,2022-08-06T11:30:00Z,90,9,0,0,0,0,1,0,211558,2,2,0.0,1,0,0,0,60,False,0,276
0,0,5,0,2.5,404,8,2,0,1.5,12.2,2022-08-06T14:00:00Z,45,18,0,0,0,0,1,0,4265,1,4,0.0,0,0,0,0,45,False,0,404
0,0,0,0,0.0,171,1,0,0,0.0,0.0,2022-08-05T19:00:00Z,0,1,0,0,0,0,1,0,17030,2,0,0.0,0,0,0,0,55,True,0,171
0,0,0,0,0.0,75,2,0,0,0.0,0.0,2022-08-06T14:00:00Z,0,2,0,0,0,0,1,0,7608,0,2,0.0,0,0,0,0,55,True,0,75
0,0,5,0,11.8,118,9,0,0,2.1,9.2,2022-08-07T13:00:00Z,14,14,0,0,0,0,1,0,10644,2,1,0.0,1,0,0,0,55,False,0,118
0,0,25,1,12.0,10,1,0,0,4.3,31.4,2022-08-05T19:00:00Z,90,7,0,0,0,0,1,0,533085,2,0,0.0,5,0,0,0,45,False,1,10
0,0,0,0,0.0,65,2,0,0,0.0,0.0,2022-08-06T14:00:00Z,0,2,0,0,0,0,1,0,4613,0,2,0.0,0,0,0,0,45,True,0,65
0,0,14,0,23.7,86,6,2,0,4.1,15.2,2022-08-07T13:00:00Z,90,10,0,0,0,0,1,0,4785,2,2,2.0,2,0,0,0,55,False,0,86
0,0,0,0,0.0,144,3,0,0,0.0,0.0,2022-08-06T16:30:00Z,0,8,0,0,0,0,1,0,8599,1,0,0.0,0,0,0,0,55,False,0,144
0,0,9,0,3.8,402,8,4,0,1.2,6.2,2022-08-06T14:00:00Z,74,18,0,0,0,0,1,0,10319,1,4,2.0,2,0,0,0,50,False,0,402
0,0,0,0,0.0,267,6,0,0,0.0,0.0,2022-08-07T13:00:00Z,0,4,0,0,0,0,1,0,47819,2,2,0.0,0,0,0,0,45,True,0,267
0,0,0,0,0.0,380,7,0,0,0.0,0.0,2022-08-06T14:00:00Z,0,15,0,0,0,0,1,0,941205,0,2,0.0,0,0,0,0,45,False,0,380
0,1,30,1,25.9,127,3,0,0,4.7,19.0,2022-08-06T16:30:00Z,90,8,0,0,0,0,1,0,106633,1,0,2.0,7,0,0,0,50,False,0,127
0,0,0,0,0.0,196,3,0,0,0.0,0.0,2022-08-06T16:30:00Z,0,6,0,0,0,0,1,0,3055,1,0,0.0,0,0,0,0,40,True,0,196
0,0,0,0,0.0,501,4,0,0,0.0,0.0,2022-08-06T11:30:00Z,0,9,0,0,0,0,1,0,19157,2,2,0.0,0,0,0,0,40,False,0,501
0,0,3,0,0.0,365,7,0,0,0.0,0.0,2022-08-06T14:00:00Z,1,16,0,0,0,0,1,0,567413,0,2,0.0,1,0,0,0,45,True,0,365
0,0,3,0,0.0,556,10,0,0,0.0,0.0,2022-08-07T15:30:00Z,1,13,0,0,0,0,1,0,9324,2,0,0.0,1,0,0,0,45,True,0,556
0,3,57,0,14.7,210,4,2,2,15.5,82.0,2022-08-06T11:30:00Z,90,12,0,0,0,0,1,0,509091,2,2,58.0,13,0,0,0,65,True,0,210
0,0,0,0,0.0,135,3,0,0,0.0,0.0,2022-08-06T16:30:00Z,0,8,0,0,0,0,1,0,38232,1,0,0.0,0,0,0,0,60,False,0,135
0,0,0,0,0.0,542,9,0,0,0.0,0.0,2022-08-07T13:00:00Z,0,14,0,0,0,0,1,0,6488,2,1,0.0,0,0,0,0,40,False,0,542
0,0,0,0,0.0,288,4,0,0,0.0,0.0,2022-08-06T11:30:00Z,0,9,0,0,0,0,1,0,55789,2,2,0.0,0,0,0,0,90,False,0,288
0,2,33,1,37.6,367,7,0,0,5.5,17.2,2022-08-06T14:00:00Z,90,16,0,0,0,0,1,0,104119,0,2,0.0,8,0,0,0,50,True,0,367
0,0,18,1,5.8,315,10,0,0,2.3,16.0,2022-08-07T15:30:00Z,88,19,0,0,0,0,1,0,220268,2,0,1.0,3,0,0,0,60,False,0,315
0,0,0,0,0.0,260,6,0,0,0.0,0.0,2022-08-07T13:00:00Z,0,4,0,0,0,0,1,0,11326,2,2,0.0,0,0,0,0,50,True,0,260
0,0,16,1,30.7,369,7,0,0,8.5,15.4,2022-08-06T14:00:00Z,80,16,0,0,0,0,1,0,108734,0,2,39.0,3,0,0,0,50,True,0,369
0,0,0,0,0.0,572,10,0,0,0.0,0.0,2022-08-07T15:30:00Z,0,13,0,0,0,0,1,0,0,2,0,0.0,0,0,0,0,45,True,0,572
0,0,20,0,0.5,484,5,2,0,3.1,24.8,2022-08-06T14:00:00Z,90,11,0,0,0,0,1,0,71840,1,2,6.0,1,0,0,0,45,False,0,484
0,0,24,1,7.7,299,10,0,0,1.4,6.6,2022-08-07T15:30:00Z,90,19,0,0,0,0,1,0,733920,2,0,0.0,6,0,0,0,50,False,0,299
0,0,0,0,0.0,472,10,0,0,0.0,0.0,2022-08-07T15:30:00Z,0,13,0,0,0,0,1,0,9094,2,0,0.0,0,0,0,0,50,True,0,472
0,0,2,0,1.0,417,8,0,0,2.5,0.0,2022-08-06T14:00:00Z,18,18,0,0,0,0,1,0,3733,1,4,24.0,1,0,0,0,45,False,0,417
0,0,10,0,4.2,409,8,4,0,2.8,20.2,2022-08-06T14:00:00Z,90,18,0,0,0,0,1,0,98712,1,4,4.0,0,0,0,0,45,False,0,409
0,0,3,0,0.0,509,10,0,0,0.0,0.0,2022-08-07T15:30:00Z,1,13,0,0,0,0,1,0,30375,2,0,0.0,1,0,0,0,45,True,0,509
0,0,0,0,0.0,231,5,0,0,0.0,0.0,2022-08-06T14:00:00Z,0,20,0,0,0,0,1,0,1667,1,2,0.0,0,0,0,0,60,True,0,231
0,0,0,0,0.0,475,5,0,0,0.0,0.0,2022-08-06T14:00:00Z,0,11,0,0,0,0,1,0,382201,1,2,0.0,0,0,0,0,50,False,0,475
0,0,0,0,0.0,247,5,0,0,0.0,0.0,2022-08-06T14:00:00Z,0,20,0,0,0,0,1,0,4454,1,2,0.0,0,0,0,0,45,True,0,247
0,0,0,0,0.0,555,10,0,0,0.0,0.0,2022-08-07T15:30:00Z,0,13,0,0,0,0,1,0,13517,2,0,0.0,0,0,0,0,40,True,0,555
0,2,25,0,24.0,480,5,2,0,6.1,36.2,2022-08-06T14:00:00Z,90,11,0,0,0,0,1,0,133655,1,2,1.0,4,0,0,0,55,False,0,480
0,0,0,0,0.0,212,4,0,0,0.0,0.0,2022-08-06T11:30:00Z,0,12,0,0,0,0,1,0,11571,2,2,0.0,0,0,0,0,60,True,0,212
0,0,10,0,18.8,295,7,2,0,4.0,16.8,2022-08-06T14:00:00Z,90,15,0,0,0,0,1,0,2304763,0,2,4.0,0,0,0,0,40,False,1,295
0,0,13,0,1.3,381,7,2,0,1.6,14.4,2022-08-06T14:00:00Z,90,15,0,0,0,0,1,0,141323,0,2,0.0,2,0,0,0,45,False,0,381
0,0,0,0,0.0,87,6,0,0,0.0,0.0,2022-08-07T13:00:00Z,0,10,0,0,0,0,1,0,1698,2,2,0.0,0,0,0,0,50,False,0,87
0,0,1,0,1.0,319,10,0,0,0.9,0.0,2022-08-07T15:30:00Z,12,19,0,0,0,0,1,0,227813,2,0,8.0,1,0,0,0,65,False,0,319
0,0,3,0,1.1,531,3,0,0,0.6,4.6,2022-08-06T16:30:00Z,20,6,0,0,0,0,1,0,4684,1,0,0.0,1,0,0,0,45,True,0,531
0,0,17,0,0.0,478,5,2,0,2.4,24.0,2022-08-06T14:00:00Z,90,11,0,0,0,0,1,3,323035,1,2,0.0,2,0,0,0,50,False,0,478
0,0,0,0,0.0,93,6,0,0,0.0,0.0,2022-08-07T13:00:00Z,0,10,0,0,0,0,1,0,2931,2,2,0.0,0,0,0,0,50,False,0,93
0,0,0,0,0.0,434,8,0,0,0.0,0.0,2022-08-06T14:00:00Z,0,17,0,0,0,0,1,0,167072,1,4,0.0,0,0,0,0,45,True,0,434
0,0,11,0,37.8,487,5,2,0,6.3,17.0,2022-08-06T14:00:00Z,90,11,1,0,0,0,1,0,160198,1,2,8.0,-1,0,0,0,45,False,0,487
0,0,11,0,0.4,209,4,2,0,1.9,18.4,2022-08-06T11:30:00Z,90,12,0,0,0,0,1,0,5971,2,2,0.0,1,0,0,0,45,True,0,209
0,0,0,0,0.0,452,8,0,0,0.0,0.0,2022-08-06T14:00:00Z,0,17,0,0,0,0,1,0,7573,1,4,0.0,0,0,0,0,45,True,0,452
0,0,0,0,0.0,52,2,0,0,0.0,0.0,2022-08-06T14:00:00Z,0,3,0,0,0,0,1,0,16243,0,2,0.0,0,0,0,0,55,False,0,52
0,0,0,0,0.0,453,8,0,0,0.0,0.0,2022-08-06T14:00:00Z,0,17,0,0,0,0,1,0,16300,1,4,0.0,0,0,0,0,45,True,0,453
0,0,1,0,2.1,338,9,2,0,2.7,0.0,2022-08-07T13:00:00Z,77,5,0,0,0,0,1,0,22964,2,1,26.0,1,0,0,0,50,True,1,338
0,0,5,0,0.0,431,8,0,0,0.2,2.0,2022-08-06T14:00:00Z,4,17,0,0,0,0,1,0,28944,1,4,0.0,1,0,0,0,60,True,0,431
0,0,0,0,0.0,352,7,0,0,0.0,0.0,2022-08-06T14:00:00Z,0,16,0,0,0,0,1,0,456,0,2,0.0,0,0,0,0,45,True,0,352
0,0,0,0,0.0,22,1,0,0,0.0,0.0,2022-08-05T19:00:00Z,0,7,0,0,0,0,1,0,39173,2,0,0.0,0,0,0,0,45,False,0,22
0,0,9,1,8.3,7,1,0,0,3.5,3.4,2022-08-05T19:00:00Z,90,7,0,0,0,0,1,0,1133257,2,0,23.0,3,0,0,0,65,False,0,7
0,0,0,0,0.0,269,6,0,0,0.0,0.0,2022-08-07T13:00:00Z,0,4,0,0,0,0,1,0,41741,2,2,0.0,0,0,0,0,45,True,0,269
0,0,0,0,0.0,203,4,0,0,0.0,0.0,2022-08-06T11:30:00Z,0,12,0,0,0,0,1,0,12756,2,2,0.0,0,0,0,0,45,True,0,203
0,1,26,1,0.0,307,10,0,0,1.4,14.4,2022-08-07T15:30:00Z,90,19,0,0,0,0,1,1,1240294,2,0,0.0,7,0,0,0,55,False,0,307
0,0,5,0,0.3,94,6,0,0,0.5,4.2,2022-08-07T13:00:00Z,17,10,0,0,0,0,1,0,26794,2,2,0.0,1,0,0,0,45,False,0,94
0,0,4,0,0.5,237,5,0,0,2.2,0.4,2022-08-06T14:00:00Z,17,20,0,0,0,0,1,0,1895580,1,2,21.0,1,0,0,0,45,True,0,237
0,0,0,0,0.0,442,8,0,0,0.0,0.0,2022-08-06T14:00:00Z,0,17,0,0,0,0,1,0,11502,1,4,0.0,0,0,0,0,40,True,0,442
0,0,0,0,0.0,552,7,0,0,0.0,0.0,2022-08-06T14:00:00Z,0,16,0,0,0,0,1,0,10770,0,2,0.0,0,0,0,0,45,True,0,552
0,0,19,1,29.2,305,10,0,0,5.0,7.2,2022-08-07T15:30:00Z,90,19,0,0,0,0,1,0,327616,2,0,14.0,3,0,0,0,70,False,0,305
0,0,0,0,0.0,364,7,0,0,0.0,0.0,2022-08-06T14:00:00Z,0,16,0,0,0,0,1,0,5201,0,2,0.0,0,0,0,0,45,True,0,364
0,0,9,0,11.4,88,6,2,0,1.8,6.2,2022-08-07T13:00:00Z,58,10,0,0,0,0,1,0,4698,2,2,0.0,1,0,0,0,50,False,0,88
0,0,25,1,10.7,76,2,0,0,3.4,21.6,2022-08-06T14:00:00Z,90,2,0,0,0,0,1,0,9212,0,2,2.0,6,0,0,0,45,True,0,76
0,0,27,0,0.4,430,8,1,1,6.1,43.6,2022-08-06T14:00:00Z,90,17,0,0,0,0,1,0,289437,1,4,17.0,8,0,0,0,50,True,0,430
0,0,0,0,0.0,286,4,0,0,0.0,0.0,2022-08-06T11:30:00Z,0,9,0,0,0,0,1,0,19160,2,2,0.0,0,0,0,0,45,False,0,286
0,0,3,0,0.0,58,2,0,0,0.0,0.0,2022-08-06T14:00:00Z,1,2,0,0,0,0,1,0,9491,0,2,0.0,1,0,0,0,50,True,0,58
0,0,4,0,10.3,359,7,0,0,1.3,2.2,2022-08-06T14:00:00Z,9,16,0,0,0,0,1,0,14743,0,2,0.0,1,0,0,0,55,True,0,359
0,0,14,0,35.0,333,9,2,0,5.4,10.8,2022-08-07T13:00:00Z,89,5,0,0,0,0,1,0,266667,2,1,8.0,2,0,0,0,100,True,0,333
0,0,0,0,0.0,566,5,0,0,0.0,0.0,2022-08-06T14:00:00Z,0,11,0,0,0,0,1,0,0,1,2,0.0,0,0,0,0,45,False,0,566
0,0,3,0,1.8,336,9,0,0,0.2,0.4,2022-08-07T13:00:00Z,12,5,0,0,0,0,1,0,46618,2,1,0.0,1,0,0,0,55,True,0,336
0,0,12,0,16.4,268,6,2,0,3.0,13.4,2022-08-07T13:00:00Z,90,4,0,0,0,0,1,0,126566,2,2,0.0,1,0,0,0,45,True,0,268
0,0,0,0,0.0,400,8,0,0,0.0,0.0,2022-08-06T14:00:00Z,0,18,0,0,0,0,1,0,2565,1,4,0.0,0,0,0,0,50,False,0,400
0,0,0,0,0.0,138,3,0,0,0.0,0.0,2022-08-06T16:30:00Z,0,8,0,0,0,0,1,0,29579,1,0,0.0,0,0,0,0,40,False,0,138
0,0,0,0,0.0,187,3,0,0,0.0,0.0,2022-08-06T16:30:00Z,0,6,0,0,0,0,1,0,3800,1,0,0.0,0,0,0,0,45,True,0,187
0,1,32,1,41.4,357,7,0,0,7.1,19.8,2022-08-06T14:00:00Z,90,16,0,0,0,0,1,0,1570068,0,2,10.0,7,0,0,0,50,True,0,357
0,0,0,0,0.0,149,3,0,0,0.0,0.0,2022-08-06T16:30:00Z,0,8,0,0,0,0,1,0,55834,1,0,0.0,0,0,0,0,45,False,0,149
0,0,0,0,0.0,234,5,0,0,0.0,0.0,2022-08-06T14:00:00Z,0,20,0,0,0,0,1,0,696,1,2,0.0,0,0,0,0,45,True,0,234
0,0,4,0,2.0,246,5,1,0,2.2,3.6,2022-08-06T14:00:00Z,84,20,0,0,0,0,1,0,85765,1,2,16.0,2,0,0,0,55,True,0,246
0,0,0,0,0.0,419,8,0,0,0.0,0.0,2022-08-06T14:00:00Z,0,18,0,0,0,0,1,0,1951,1,4,0.0,0,0,0,0,45,False,0,419
0,0,0,0,0.0,17,1,0,0,0.0,0.0,2022-08-05T19:00:00Z,0,7,0,0,0,0,1,0,2728,2,0,0.0,0,0,0,0,45,False,0,17
0,0,11,0,0.0,254,6,2,0,1.0,9.8,2022-08-07T13:00:00Z,90,4,0,0,0,0,1,1,1983925,2,2,0.0,1,0,0,0,40,True,0,254
0,0,0,0,0.0,413,8,0,0,0.0,0.0,2022-08-06T14:00:00Z,0,18,0,0,0,0,1,0,3550,1,4,0.0,0,0,0,0,45,False,0,413
1,0,11,0,0.0,541,6,0,0,1.0,0.0,2022-08-07T13:00:00Z,6,10,0,0,0,0,1,0,30446,2,2,10.0,4,0,0,0,45,False,0,541
0,0,4,0,22.2,427,8,1,0,7.1,14.6,2022-08-06T14:00:00Z,90,17,0,0,0,0,1,0,2286082,1,4,34.0,2,0,0,0,115,True,0,427
0,0,27,1,1.8,128,3,0,0,2.7,25.0,2022-08-06T16:30:00Z,90,8,0,0,0,0,1,0,501183,1,0,0.0,6,0,0,0,55,False,0,128
0,0,8,0,3.8,53,2,2,0,1.4,5.6,2022-08-06T14:00:00Z,81,3,0,0,0,0,1,0,12140,0,2,5.0,2,0,0,0,50,False,0,53
0,0,0,0,0.0,545,3,0,0,0.0,0.0,2022-08-06T16:30:00Z,0,8,0,0,0,0,1,0,25925,1,0,0.0,0,0,0,0,40,False,0,545
0,0,2,0,11.2,168,1,1,0,2.0,0.0,2022-08-05T19:00:00Z,32,1,0,0,0,0,1,0,67462,2,0,10.0,1,0,0,0,55,True,0,168
0,0,0,0,0.0,317,10,0,0,0.0,0.0,2022-08-07T15:30:00Z,0,19,0,0,0,0,1,0,1259,2,0,0.0,0,0,0,0,45,False,0,317
0,0,0,0,0.0,239,5,0,0,0.0,0.0,2022-08-06T14:00:00Z,0,20,0,0,0,0,1,0,791,1,2,0.0,0,0,0,0,45,True,0,239
0,0,25,1,25.3,356,7,0,1,10.9,34.2,2022-08-06T14:00:00Z,89,16,0,0,0,0,1,0,290279,0,2,49.0,6,0,0,0,75,True,0,356
0,0,6,0,0.0,504,9,0,0,0.4,4.0,2022-08-07T13:00:00Z,1,5,0,0,0,0,1,0,192542,2,1,0.0,1,0,0,0,45,True,0,504
0,0,16,0,0.5,228,5,1,0,2.6,23.0,2022-08-06T14:00:00Z,90,20,0,0,0,0,1,0,22468,1,2,2.0,2,0,0,0,45,True,0,228
0,0,8,0,1.5,50,2,2,0,1.4,9.2,2022-08-06T14:00:00Z,90,3,0,0,0,0,1,0,92038,0,2,3.0,1,0,0,0,50,False,0,50
0,0,15,0,0.9,516,5,2,0,1.5,12.4,2022-08-06T14:00:00Z,90,11,0,0,0,0,1,0,23857,1,2,2.0,1,0,0,0,45,False,0,516
0,0,0,0,0.0,495,1,0,0,0.0,0.0,2022-08-05T19:00:00Z,0,1,0,0,0,0,1,0,4672,2,0,0.0,0,0,0,0,40,True,0,495
0,0,4,0,0.3,67,2,0,0,0.8,7.2,2022-08-06T14:00:00Z,18,2,0,0,0,0,1,0,4802,0,2,0.0,1,0,0,0,50,True,0,67
0,0,0,0,0.0,571,10,0,0,0.0,0.0,2022-08-07T15:30:00Z,0,13,0,0,0,0,1,0,0,2,0,0.0,0,0,0,0,40,True,0,571
0,0,0,0,0.0,74,2,0,0,0.0,0.0,2022-08-06T14:00:00Z,0,2,0,0,0,0,1,0,8495,0,2,0.0,0,0,0,0,50,True,0,74
0,0,8,0,2.2,510,6,2,0,0.4,1.8,2022-08-07T13:00:00Z,83,10,0,0,0,0,1,0,25558,2,2,0.0,1,0,0,0,50,False,0,510
0,0,13,0,32.3,332,9,2,0,6.9,17.4,2022-08-07T13:00:00Z,89,5,0,0,0,0,1,0,84371,2,1,19.0,0,0,0,0,50,True,1,332
0,0,7,0,12.0,506,5,1,0,2.4,11.0,2022-08-06T14:00:00Z,90,20,0,0,0,0,1,0,12574,1,2,1.0,1,0,0,0,50,True,1,506
0,0,9,0,1.4,526,6,2,0,0.9,7.8,2022-08-07T13:00:00Z,58,10,0,0,0,0,1,0,26294,2,2,0.0,0,0,0,0,45,False,0,526
0,0,3,0,0.0,105,4,0,0,0.0,0.0,2022-08-06T11:30:00Z,1,12,0,0,0,0,1,0,24578,2,2,0.0,1,0,100,121,45,True,0,105
0,0,0,0,0.0,143,3,0,0,0.0,0.0,2022-08-06T16:30:00Z,0,8,0,0,0,0,1,0,12350,1,0,0.0,0,0,0,0,50,False,0,143
0,0,0,0,0.0,102,9,0,0,0.0,0.0,2022-08-07T13:00:00Z,0,14,0,0,0,0,1,0,75605,2,1,0.0,0,0,0,0,40,False,0,102
0,0,0,0,0.0,399,7,0,0,0.0,0.0,2022-08-06T14:00:00Z,0,15,0,0,0,0,1,0,6448,0,2,0.0,0,0,0,0,45,False,0,399
0,2,26,0,25.8,80,6,2,1,8.8,39.0,2022-08-07T13:00:00Z,90,10,0,0,0,0,1,0,438961,2,2,23.0,8,0,0,0,70,False,0,80
0,0,0,0,0.0,550,9,0,0,0.0,0.0,2022-08-07T13:00:00Z,0,5,0,0,0,0,1,0,12198,2,1,0.0,0,0,0,0,45,True,0,550
0,0,0,0,0.0,35,2,0,0,0.0,0.0,2022-08-06T14:00:00Z,0,3,0,0,0,0,1,0,159116,0,2,0.0,0,0,0,0,40,False,0,35
